Chapter,Unit,Lesson,Topic,Fact,Flashcard_Question,Flashcard_Answer,Quiz_Question,Quiz_Options,Quiz_CorrectAnswer,Quiz_Explanation,Match_Term,Match_Definition,VisualisationIdea
ASSAM,Physiographic Divisions & Conservation,Brahmaputra Valley,North Bank Tributaries (Brahmaputra),"Alluvial plain from Sadiya to Dhubri, annual monsoonal floods.",What is a key geographical feature of North Bank Tributaries (Brahmaputra) in Brahmaputra Valley?,Subansiri River.,Which is the largest North Bank tributary of the Brahmaputra River in Assam?,A: Pagladiya; B: Manas; C: Jia Bharali; D: Subansiri,D,"Official Syllabus Fact: Alluvial plain from Sadiya to Dhubri, annual monsoonal floods.",Subansiri Sub-tributaries,Ranganadi and Dikrong.,Top-Down CSS Tree Diagram merging into a thick horizontal central line (the Brahmaputra).
ASSAM,Physiographic Divisions & Conservation,Brahmaputra Valley,North Bank Tributaries (Brahmaputra),"Tributaries: Siku/Jiari, Gai, Jiadhol, Subansiri, Buroi, Borgang, Jia Bharali (Kameng), Gabharu, Belsiri, Dhansiri (North), Puthimari, Pagladiya, Manas, Tipkai, Sankosh, Raidak (Gadadhar).",Which north-bank tributaries feed into the river system in Brahmaputra Valley?,Ranganadi and Dikrong rivers.,Which two rivers act as significant sub-tributaries for the Manas River network?,A: Ranganadi and Dikrong; B: Dhaleshwari and Katakhal; C: Beki and Aie; D: Jiri and Chiri,C,"Official Syllabus Fact: Siku/Jiari, Gai, Jiadhol, Subansiri, Buroi, Borgang, Jia Bharali (Kameng), Gabharu, Belsiri, Dhansiri (North), Puthimari, Pagladiya, Manas, Tipkai, Sankosh, Raidak (Gadadhar).",Manas Sub-tributaries,Beki and Aie.,Top-Down CSS Tree Diagram merging into a thick horizontal central line (the Brahmaputra).
ASSAM,Physiographic Divisions & Conservation,Brahmaputra Valley,North Bank Tributaries (Brahmaputra),Sub-basin Notes: Ranganadi and Dikrong join the Subansiri network near the Brahmaputra; Beki and Aie act as significant sub-tributaries for Manas.,Which north-bank tributaries feed into the river system in Brahmaputra Valley?,Beki and Aie rivers.,Jia Bharali is known by which alternate name in Arunachal Pradesh?,A: Dihang; B: Lohit; C: Subansiri; D: Kameng,D,Official Syllabus Fact: Ranganadi and Dikrong join the Subansiri network near the Brahmaputra; Beki and Aie act as significant sub-tributaries for Manas.,Jia Bharali Alias,Kameng River.,Top-Down CSS Tree Diagram merging into a thick horizontal central line (the Brahmaputra).
ASSAM,Physiographic Divisions & Conservation,Brahmaputra Valley,South Bank Tributaries (Brahmaputra),"Alluvial plain from Sadiya to Dhubri, annual monsoonal floods.",What is a key geographical feature of South Bank Tributaries (Brahmaputra) in Brahmaputra Valley?,Bhogdoi River.,Which of the following is a South Bank tributary of the Brahmaputra River?,A: Subansiri; B: Manas; C: Jia Bharali; D: Burhi Dihing,D,"Official Syllabus Fact: Alluvial plain from Sadiya to Dhubri, annual monsoonal floods.",Jorhat River,Bhogdoi River.,Bottom-Up CSS Tree Diagram merging into a thick horizontal central line.
ASSAM,Physiographic Divisions & Conservation,Brahmaputra Valley,South Bank Tributaries (Brahmaputra),"Tributaries: Burhi Dihing, Disang, Dikhou, Jhanji, Bhogdoi, Dhansiri (South), Kopili, Kulsi, Krishnai, Dudhnoi, Jinjiram.",Which south-bank tributaries feed into the river system in Brahmaputra Valley?,Kulsi River.,Which South Bank river flows directly through Jorhat city?,A: Bhogdoi; B: Disang; C: Dikhou; D: Kopili,A,"Official Syllabus Fact: Burhi Dihing, Disang, Dikhou, Jhanji, Bhogdoi, Dhansiri (South), Kopili, Kulsi, Krishnai, Dudhnoi, Jinjiram.",Sivasagar River,Dikhou River.,Bottom-Up CSS Tree Diagram merging into a thick horizontal central line.
ASSAM,Physiographic Divisions & Conservation,Central Hills,Central Hills,"Karbi Anglong & Dima Hasao, Meghalaya Plateau extension, Barail Range, and Haflong hill station.",What is a key geographical feature of Central Hills in Central Hills?,"Karbi Anglong & Dima Hasao, Meghalaya Plateau extension, Barail Range, and Haflong hill station.",Which statement identifies statement describes a key geographical feature of Central Hills in Central Hills?,"A: It is an isolated coral atoll reef structure in the Lakshadweep archipelago.; B: It forms part of the Malabar coastal plains with signature backwater kayals in Kerala.; C: Karbi Anglong & Dima Hasao, Meghalaya Plateau extension, Barail Range, and Haflong hill station.; D: It is a high-altitude glaciated valley situated in the Pir Panjal range of Jammu & Kashmir.",C,"Official ASSAM Syllabus Fact: Karbi Anglong & Dima Hasao, Meghalaya Plateau extension, Barail Range, and Haflong hill station.",Karbi Anglong & Dima Hasa,"Karbi Anglong & Dima Hasao, Meghalaya Plateau extension, Barail Range,...",Interactive SVG/CSS concept breakdown for Central Hills in Central Hills.
ASSAM,Physiographic Divisions & Conservation,Central Hills,Central Hills,"Features: Situated between the two valleys (Karbi Anglong and North Cachar Hills). Geologically, it is an extension of the Indian Peninsular Plateau (Meghalaya plateau).",What is the geographical significance of Features in Central Hills?,"Situated between the two valleys (Karbi Anglong and North Cachar Hills). Geologically, it is an extension of the Indian Peninsular Plateau (Meghalaya plateau).",Which statement identifies statement describes the geographical significance of Features in Central Hills?,"A: It is an arid rain-shadow plateau located in the Deccan Peninsular Interior.; B: Situated between the two valleys (Karbi Anglong and North Cachar Hills). Geologically, it is an extension of the Indian Peninsular Plateau (Meghalaya plateau).; C: It represents a coastal saline wetland system along the Rann of Kutch in Gujarat.; D: It forms part of the Malabar coastal plains with signature backwater kayals in Kerala.",B,"Official ASSAM Syllabus Fact: Situated between the two valleys (Karbi Anglong and North Cachar Hills). Geologically, it is an extension of the Indian Peninsular Plateau (Meghalaya plateau).",Features,Situated between the two valleys (Karbi Anglong and North Cachar Hills...,Interactive SVG/CSS concept breakdown for Central Hills in Central Hills.
ASSAM,Physiographic Divisions & Conservation,Central Hills,Central Hills,"Significance: Comprises rugged terrains, the Barail range, and dense tropical forests. It is home to the state hill station, Haflong.",What is the geographical significance of Significance in Central Hills?,"Comprises rugged terrains, the Barail range, and dense tropical forests. It is home to the state hill station, Haflong.",Which statement identifies statement describes the geographical significance of Significance in Central Hills?,"A: It forms part of the Malabar coastal plains with signature backwater kayals in Kerala.; B: Comprises rugged terrains, the Barail range, and dense tropical forests. It is home to the state hill station, Haflong.; C: It represents a coastal saline wetland system along the Rann of Kutch in Gujarat.; D: It is a rift valley bounded by the Vindhya and Satpura mountain ranges in Central India.",B,"Official ASSAM Syllabus Fact: Comprises rugged terrains, the Barail range, and dense tropical forests. It is home to the state hill station, Haflong.",Significance,"Comprises rugged terrains, the Barail range, and dense tropical forest...",Interactive SVG/CSS concept breakdown for Central Hills in Central Hills.
ASSAM,Physiographic Divisions & Conservation,Barak Valley,North Bank Tributaries (Barak),"Cachar, Hailakandi, Karimganj, tea gardens, Son Beel wetland.",What are the key wildlife sanctuaries and wetland sites in Barak Valley?,"Jiri, Chiri, Madhura, Jatinga, and Larang.",What is the correct East-to-West sequence of North Bank tributaries of the Barak River?,"A: Sonai, Rukni, Ghagra, Katakhal, Dhaleshwari; B: Burhi Dihing, Dikhou, Kopili, Kulsi; C: Subansiri, Jia Bharali, Manas, Sankosh; D: Jiri, Chiri, Madhura, Jatinga, Larang",D,"Official Syllabus Fact: Cachar, Hailakandi, Karimganj, tea gardens, Son Beel wetland.",Jatinga River,Flows through Dima Hasao into Barak.,Top-Down CSS Tree Diagram merging into a thick horizontal central line (the Brahmaputra).
ASSAM,Physiographic Divisions & Conservation,Barak Valley,North Bank Tributaries (Barak),"Tributaries (East to West): Jiri, Chiri, Madhura, Jatinga, and Larang.",Which north-bank tributaries feed into the river system in Barak Valley?,Jatinga River.,Which North Bank tributary of the Barak River flows through the Jatinga valley in Dima Hasao?,A: Jiri River; B: Jatinga River; C: Madhura River; D: Sonai River,B,"Official Syllabus Fact: Jiri, Chiri, Madhura, Jatinga, and Larang.",Jiri River,Manipur-Assam boundary river.,Top-Down CSS Tree Diagram merging into a thick horizontal central line (the Brahmaputra).
ASSAM,Physiographic Divisions & Conservation,Barak Valley,South Bank Tributaries (Barak),"Cachar, Hailakandi, Karimganj, tea gardens, Son Beel wetland.",What are the key wildlife sanctuaries and wetland sites in Barak Valley?,"Sonai, Rukni, Ghagra, Katakhal, Dhaleshwari, and Longai.",What is the correct East-to-West sequence of South Bank tributaries of the Barak River?,"A: Burhi Dihing, Disang, Dikhou, Bhogdoi; B: Jiri, Chiri, Madhura, Jatinga, Larang; C: Subansiri, Manas, Sankosh, Raidak; D: Sonai, Rukni, Ghagra, Katakhal, Dhaleshwari, Longai",D,"Official Syllabus Fact: Cachar, Hailakandi, Karimganj, tea gardens, Son Beel wetland.",Sonai River,Easternmost south bank tributary of Barak.,Bottom-Up CSS Tree Diagram merging into a thick horizontal central line.
ASSAM,Physiographic Divisions & Conservation,Barak Valley,South Bank Tributaries (Barak),"Tributaries (East to West): Sonai, Rukni, Ghagra, Katakhal, Dhaleshwari, and Longai.",Which south-bank tributaries feed into the river system in Barak Valley?,Dhaleshwari (Tlawng) / Katakhal.,Which South Bank river flows from Mizoram through Hailakandi district to join the Barak River?,A: Sonai; B: Jiri; C: Jatinga; D: Dhaleshwari (Katakhal),D,"Official Syllabus Fact: Sonai, Rukni, Ghagra, Katakhal, Dhaleshwari, and Longai.",Dhaleshwari / Tlawng,Mizoram river entering Hailakandi.,Bottom-Up CSS Tree Diagram merging into a thick horizontal central line.
ASSAM,Physiographic Divisions & Conservation,Ecology,Ecological Frameworks Overview,"Biodiversity Hotspots, WNHS (1985), Biosphere Reserves, 7 National Parks + Sikhna Jwhwlao NP (2025), Wildlife Sanctuaries, Bird Sanctuaries, and Deepor Beel Ramsar Site.",What are the major declared National Parks located in Ecology?,Eastern Himalayas and Indo-Burma Hotspots.,Which two global Biodiversity Hotspots overlap across Assam?,A: Western Ghats and Sundaland; B: Eastern Himalayas and Indo-Burma; C: Himalayas and Western Ghats; D: Indo-Burma and Sundaland,B,"Official Syllabus Fact: Biodiversity Hotspots, WNHS (1985), Biosphere Reserves, 7 National Parks + Sikhna Jwhwlao NP (2025), Wildlife Sanctuaries, Bird Sanctuaries, and Deepor Beel Ramsar Site.",Assam Hotspots,Eastern Himalayas and Indo-Burma.,Interactive SVG/CSS concept breakdown for Ecological Frameworks Overview in Ecology.
ASSAM,Physiographic Divisions & Conservation,Ecology,Biodiversity Hotspots (BH),Assam falls within two distinct global hotspots: the Eastern Himalayas and the Indo-Burma hotspot.,What ecological markers and conservation zones define Ecology?,Eastern Himalayas and Indo-Burma Hotspots.,Which two global Biodiversity Hotspots overlap across the state of Assam?,A: Himalayas and Western Ghats; B: Indo-Burma and Sundaland; C: Western Ghats and Sundaland; D: Eastern Himalayas and Indo-Burma,D,Official Syllabus Fact: the Eastern Himalayas and the Indo-Burma hotspot.,Eastern Himalayas Hotspot,Foothill duars & northern Assam.,Interactive SVG/CSS concept breakdown for Biodiversity Hotspots (BH) in Ecology.
ASSAM,Physiographic Divisions & Conservation,Ecology,World Natural Heritage Sites (WNHS),Kaziranga National Park (1985) and Manas Wildlife Sanctuary (1985).,What is a key geographical feature of World Natural Heritage Sites (WNHS) in Ecology?,Kaziranga National Park and Manas Wildlife Sanctuary.,In which year were Kaziranga National Park and Manas Wildlife Sanctuary officially inscribed as UNESCO World Natural Heritage Sites?,A: 2000; B: 1974; C: 1992; D: 1985,D,Official Syllabus Fact: Kaziranga National Park (1985) and Manas Wildlife Sanctuary (1985).,Kaziranga WNHS Inscription,1985 (1-horned rhino & tiger refuge).,Interactive SVG/CSS concept breakdown for World Natural Heritage Sites (WNHS) in Ecology.
ASSAM,Physiographic Divisions & Conservation,Ecology,Biosphere Reserves (BR),Manas Biosphere Reserve (foothills) and Dibru-Saikhowa Biosphere Reserve (765 sq. km).,What ecological markers and conservation zones define Ecology?,Manas Biosphere Reserve (foothills) and Dibru-Saikhowa Biosphere Reserve (765 sq. km).,Which two Biosphere Reserves are situated in Assam?,A: Manas BR and Dibru-Saikhowa BR; B: Khangchendzonga BR and Nilgiri BR; C: Nokrek BR and Dehang-Debang BR; D: Sunderbans BR and Similipal BR,A,Official Syllabus Fact: Manas Biosphere Reserve (foothills) and Dibru-Saikhowa Biosphere Reserve (765 sq. km).,Manas BR Notification,"1989 (2,837 sq. km).",Two distinct CSS rounded floating containers (Manas and Dibru-Saikhowa) with a subtle riverine background texture.
ASSAM,Physiographic Divisions & Conservation,Ecology,7 Declared National Parks (NP),"Kaziranga NP (1974), Manas NP (1990), Nameri NP (1998), Dibru-Saikhowa NP (1999), Orang NP (1999), Dehing Patkai NP (2021), Raimona NP (2021), plus Sikhna Jwhwlao NP (2025).",What are the major declared National Parks located in Ecology?,"Kaziranga NP (1974), Manas NP (1990), Nameri NP (1998), Dibru-Saikhowa NP (1999), Orang NP (1999), Dehing Patkai NP (2021), Raimona NP (2021).",Which is the oldest declared National Park in Assam (declared in 1974)?,A: Orang NP; B: Manas NP; C: Nameri NP; D: Kaziranga NP,D,"Official Syllabus Fact: Kaziranga NP (1974), Manas NP (1990), Nameri NP (1998), Dibru-Saikhowa NP (1999), Orang NP (1999), Dehing Patkai NP (2021), Raimona NP (2021), plus Sikhna Jwhwlao NP (2025).",Kaziranga NP,1974 (Oldest NP in Assam).,Interactive SVG/CSS concept breakdown for 7 Declared National Parks (NP) in Ecology.
ASSAM,Physiographic Divisions & Conservation,Ecology,Sanctuaries & Wetlands,"Key Wildlife Sanctuaries: Pobitora WS (Morigaon, highest density of one-horned rhino), Hollongapar Gibbon Sanctuary (Jorhat, India only ape - Hoolock Gibbon), Bornadi WS (Udalguri/Baksa, hispid hare & pygmy hog), Chakrashila WS (Dhubri/Kokrajhar, golden langur), Deepor Beel WS (Kamrup Metro, major Ramsar wetland site for water birds).",What are the key wildlife sanctuaries and wetland sites in Ecology?,Pobitora Wildlife Sanctuary.,Which Wildlife Sanctuary in Morigaon district is known for having the world highest density of Indian one-horned rhinoceroses?,A: Bornadi Wildlife Sanctuary; B: Amchang Wildlife Sanctuary; C: Pobitora Wildlife Sanctuary; D: Hollongapar Gibbon Sanctuary,C,"Official Syllabus Fact: Pobitora WS (Morigaon, highest density of one-horned rhino), Hollongapar Gibbon Sanctuary (Jorhat, India only ape - Hoolock Gibbon), Bornadi WS (Udalguri/Baksa, hispid hare & pygmy hog), Chakrashila WS (Dhubri/Kokrajhar, golden langur), Deepor Beel WS (Kamrup Metro, major Ramsar wetland site for water birds).",Pobitora WS,Morigaon; highest density of one-horned rhino.,Interactive SVG/CSS concept breakdown for Sanctuaries & Wetlands in Ecology.
ASSAM,Physiographic Divisions & Conservation,Ecology,Sanctuaries & Wetlands,"Complete List of Sanctuaries in Assam: Amchang WS (Kamrup Metro), Borail WS (Cachar & Dima Hasao), Bherjan-Borajan-Padumoni WS (Tinsukia), Bura-Chapori WS (Sonitpur), East Karbi Anglong WS (Karbi Anglong), Garampani WS (Karbi Anglong, oldest & smallest), Laokhowa WS (Nagaon), Marat Longri WS (Karbi Anglong, biggest), Nambor WS (Karbi Anglong), Nambor-Doigrung WS (Golaghat), Pani Dihing WS (Sibsagar), Sonai Rupai WS (Sonitpur).",What are the key wildlife sanctuaries and wetland sites in Ecology?,Hollongapar Gibbon Sanctuary.,"Which sanctuary in Jorhat district protects India only wild ape species, the Hoolock Gibbon?",A: Chakrashila Wildlife Sanctuary; B: Nambor Wildlife Sanctuary; C: Hollongapar Gibbon Sanctuary; D: Garampani Wildlife Sanctuary,C,"Official Syllabus Fact: Amchang WS (Kamrup Metro), Borail WS (Cachar & Dima Hasao), Bherjan-Borajan-Padumoni WS (Tinsukia), Bura-Chapori WS (Sonitpur), East Karbi Anglong WS (Karbi Anglong), Garampani WS (Karbi Anglong, oldest & smallest), Laokhowa WS (Nagaon), Marat Longri WS (Karbi Anglong, biggest), Nambor WS (Karbi Anglong), Nambor-Doigrung WS (Golaghat), Pani Dihing WS (Sibsagar), Sonai Rupai WS (Sonitpur).",Hollongapar Gibbon WS,Jorhat; India only ape (Hoolock Gibbon).,Interactive SVG/CSS concept breakdown for Sanctuaries & Wetlands in Ecology.
ASSAM,Physiographic Divisions & Conservation,Ecology,Sanctuaries & Wetlands,"Wetland Marvels: Son Beel (Karimganj, largest wetland in Assam), Chandubi Beel (Kamrup, natural earthquake lake).",What are the key wildlife sanctuaries and wetland sites in Ecology?,Bornadi Wildlife Sanctuary.,Which sanctuary in Dhubri and Kokrajhar districts is famous as a secure habitat for the endangered Golden Langur?,A: Chakrashila Wildlife Sanctuary; B: Pobitora Wildlife Sanctuary; C: Bura-Chapori Wildlife Sanctuary; D: Sonai Rupai Wildlife Sanctuary,A,"Official Syllabus Fact: Son Beel (Karimganj, largest wetland in Assam), Chandubi Beel (Kamrup, natural earthquake lake).",Bornadi WS,Udalguri/Baksa; hispid hare & pygmy hog.,Interactive SVG/CSS concept breakdown for Sanctuaries & Wetlands in Ecology.
ASSAM,Physiographic Divisions & Conservation,Wildlife Reserves,Mega-fauna Project Reserves,Project Tiger (4 Reserves) and Project Elephant (5 Reserves).,What are the designated mega-fauna project reserves in Wildlife Reserves?,Project Tiger (4 Reserves) and Project Elephant (5 Reserves).,What comprises the Mega-fauna Project Reserves of Assam?,A: Project Snow Leopard and Project Dolphin; B: Project Tiger (4 Reserves) and Project Elephant (5 Reserves); C: Project Lion and Project Cheetah; D: Project Rhino and Project Great Indian Bustard,B,Official Syllabus Fact: Project Tiger (4 Reserves) and Project Elephant (5 Reserves).,Mega-fauna Project Reserves Definition,Project Tiger (4 Reserves) and Project Elephant (5 Reserves).,Interactive SVG/CSS concept breakdown for Mega-fauna Project Reserves in Wildlife Reserves.
ASSAM,Physiographic Divisions & Conservation,Wildlife Reserves,Mega-fauna Project Reserves,"Project Tiger (TR, 1973): Assam has 4 Tiger Reserves: Manas TR, Nameri TR, Kaziranga TR, and Orang TR.",What are the designated mega-fauna project reserves in Wildlife Reserves?,1973.,How many Tiger Reserves (governed under Project Tiger 1973) are located in Assam?,A: 4; B: 5; C: 7; D: 3,A,Official Syllabus Fact: Assam has 4 Tiger Reserves,Project Tiger Launch,1973.,Interactive SVG/CSS concept breakdown for Mega-fauna Project Reserves in Wildlife Reserves.
ASSAM,Physiographic Divisions & Conservation,Wildlife Reserves,Mega-fauna Project Reserves,"Project Elephant (ER, 1992): Assam has 5 Elephant Reserves: Kaziranga-Karbi Anglong ER (largest at 3,270 sq. km), Dhansiri-Lungding ER, Chirang-Ripu ER, Sonitpur ER, and Dihing Patkai ER.",What are the designated mega-fauna project reserves in Wildlife Reserves?,"4 Tiger Reserves (Manas, Nameri, Kaziranga, Orang).","Which is the largest Elephant Reserve in Assam by total area (3,270 sq. km)?",A: Sonitpur ER; B: Dhansiri-Lungding ER; C: Kaziranga-Karbi Anglong ER; D: Chirang-Ripu ER,C,Official Syllabus Fact: Assam has 5 Elephant Reserves,Assam Tiger Reserves Count,4 Tiger Reserves.,Interactive SVG/CSS concept breakdown for Mega-fauna Project Reserves in Wildlife Reserves.
ASSAM,Physiographic Divisions & Conservation,Transport,National Highways (NH),Assam acts as the transit hub for Northeast India with an extensive network of National Highways connecting all Seven Sister states.,What are the primary transport corridors and waterways in Transport?,NH-27 (formerly NH-37).,"Which bridge is the longest water bridge in India, located in Assam?",A: Saraighat Bridge; B: Kalia Bhomora Setu; C: Bogibeel Bridge; D: Bhupen Hazarika Setu (Dhola-Sadiya Bridge),D,Official Syllabus Fact: Assam acts as the transit hub for Northeast India with an extensive network of National Highways connecting all Seven Sister states.,NH-27,East-west lifeline highway of Assam connecting Srirampur to Sadiya.,Interactive roadmap highlighting key national highways (NH-27) across Assam.
ASSAM,Physiographic Divisions & Conservation,Transport,National Highways (NH),Key Highways: NH-27 (formerly NH-37) is the lifeline corridor traversing Assam east-west from Srirampur to Silchar/Sadiya.,What are the primary transport corridors and waterways in Transport?,Bhupen Hazarika Setu (Dhola-Sadiya Bridge).,Which NH runs along the North Bank of the Brahmaputra River in Assam?,A: NH-15; B: NH-27; C: NH-17; D: NH-2,A,Official Syllabus Fact: NH-27 (formerly NH-37) is the lifeline corridor traversing Assam east-west from Srirampur to Silchar/Sadiya.,Dhola-Sadiya Bridge,"Bhupen Hazarika Setu, connecting NH networks across Lohit River.",Interactive roadmap highlighting key national highways (NH-27) across Assam.
ASSAM,Physiographic Divisions & Conservation,Transport,National Highways (NH),Connectivity: Bridges like Bhupen Hazarika Setu (Dhola-Sadiya) and Bogibeel Bridge connect crucial NH networks across the Brahmaputra River.,What is the geographical significance of Connectivity in Transport?,NH-15.,Which Setu connects Tezpur on the North Bank to Nagaon on the South Bank?,A: Bhupen Hazarika Setu; B: Kalia Bhomora Setu; C: Naranarayan Setu; D: Saraighat Setu,B,Official Syllabus Fact: Bridges like Bhupen Hazarika Setu (Dhola-Sadiya) and Bogibeel Bridge connect crucial NH networks across the Brahmaputra River.,NH-15,Runs along the North Bank of Brahmaputra River.,Interactive roadmap highlighting key national highways (NH-27) across Assam.
ASSAM,Physiographic Divisions & Conservation,Transport,Railways,"Administered by the Northeast Frontier Railway (NFR) zone headquartered in Maligaon, Guwahati.",What are the primary transport corridors and waterways in Transport?,Northeast Frontier Railway (NFR) zone.,Where is the headquarters of the Northeast Frontier Railway (NFR) located?,A: Tinsukia; B: Maligaon (Guwahati); C: Siliguri; D: Lumding,B,"Official Syllabus Fact: Administered by the Northeast Frontier Railway (NFR) zone headquartered in Maligaon, Guwahati.",NFR Headquarters,"Maligaon, Guwahati.",Schematic route map showing Northeast Frontier Railway (NFR) routes and divisions.
ASSAM,Physiographic Divisions & Conservation,Transport,Railways,Network: Extensive broad gauge railway tracks connect Upper Assam to Lower Assam and the rest of mainland India via the Siliguri Corridor.,What are the primary transport corridors and waterways in Transport?,"Maligaon, Guwahati.",Which is the longest rail-cum-road bridge in India?,A: Bogibeel Bridge; B: Bhupen Hazarika Setu; C: Naranarayan Setu; D: Saraighat Bridge,A,Official Syllabus Fact: Extensive broad gauge railway tracks connect Upper Assam to Lower Assam and the rest of mainland India via the Siliguri Corridor.,Bogibeel Bridge,Longest rail-cum-road bridge in India.,Schematic route map showing Northeast Frontier Railway (NFR) routes and divisions.
ASSAM,Physiographic Divisions & Conservation,Transport,Railways,"Landmark Projects: Bogibeel Bridge is the longest rail-cum-road bridge in India, providing seamless connectivity between north and south banks.",What is the geographical significance of Landmark Projects in Transport?,Bogibeel Bridge (4.94 km).,Which two main railway junctions are connected by the scenic Hill Section?,A: Lumding and Badarpur; B: Badarpur and Silchar; C: Guwahati and Lumding; D: Rangiya and Tezpur,A,"Official Syllabus Fact: Bogibeel Bridge is the longest rail-cum-road bridge in India, providing seamless connectivity between north and south banks.",Hill Section,Broad gauge track connecting Lumding to Badarpur.,Schematic route map showing Northeast Frontier Railway (NFR) routes and divisions.
ASSAM,Physiographic Divisions & Conservation,Transport,National Waterways (NW),National Waterway 2 (NW-2) comprises the Brahmaputra River running from Sadiya to Dhubri (891 km).,What are the primary transport corridors and waterways in Transport?,The Brahmaputra River from Sadiya to Dhubri.,What is the total length of National Waterway 2 (NW-2) along the Brahmaputra River?,A: 650 km; B: 720 km; C: 930 km; D: 891 km,D,Official Syllabus Fact: National Waterway 2 (NW-2) comprises the Brahmaputra River running from Sadiya to Dhubri (891 km).,NW-2 Length,891 km stretch along the Brahmaputra River.,River shipping lane diagram tracking National Waterway 2 (NW-2) along the Brahmaputra River from Sadiya to Dhubri.
ASSAM,Physiographic Divisions & Conservation,Transport,National Waterways (NW),"National Waterway 57 (NW-57): Developed on the Kopili River, spanning 48 km from the Brahmaputra confluence to the Teliagaon Railway Bridge, operationalized in August 2025.",What are the primary transport corridors and waterways in Transport?,Pandu Port.,Which river in Assam is designated as National Waterway 57 (NW-57)?,A: Barak River; B: Subansiri River; C: Kopili River; D: Dhansiri River,C,"Official Syllabus Fact: Developed on the Kopili River, spanning 48 km from the Brahmaputra confluence to the Teliagaon Railway Bridge, operationalized in August 2025.",Pandu Port,The main river port terminal in Guwahati.,River shipping lane diagram tracking National Waterway 2 (NW-2) along the Brahmaputra River from Sadiya to Dhubri.
ASSAM,Physiographic Divisions & Conservation,Transport,National Waterways (NW),"Infrastructure: Pandu Port in Guwahati is the largest and most developed river port in Assam, serving as an inland water terminal.",What is the geographical significance of Infrastructure in Transport?,National Waterway 57 (NW-57).,Which statement identifies statement describes the geographical significance of Infrastructure in Transport?,"A: It forms part of the mangrove delta wetlands in the Sundarbans of West Bengal.; B: Pandu Port in Guwahati is the largest and most developed river port in Assam, serving as an inland water terminal.; C: It is a major south-flowing river basin originating near Mahabaleshwar in the Western Ghats.; D: It is an isolated coral atoll reef structure in the Lakshadweep archipelago.",B,"Official ASSAM Syllabus Fact: Pandu Port in Guwahati is the largest and most developed river port in Assam, serving as an inland water terminal.",NW-57,National Waterway developed on the Kopili River (48 km).,River shipping lane diagram tracking National Waterway 2 (NW-2) along the Brahmaputra River from Sadiya to Dhubri.
ASSAM,Physiographic Divisions & Conservation,Transport,National Waterways (NW),Logistics: Promotes eco-friendly and cost-effective bulk cargo trade connecting Northeast India to international ports via Bangladesh.,What is the geographical significance of Logistics in Transport?,Promotes eco-friendly and cost-effective bulk cargo trade connecting Northeast India to international ports via Bangladesh.,Which statement identifies statement describes the geographical significance of Logistics in Transport?,A: Promotes eco-friendly and cost-effective bulk cargo trade connecting Northeast India to international ports via Bangladesh.; B: It forms part of the mangrove delta wetlands in the Sundarbans of West Bengal.; C: It is a high-altitude glaciated valley situated in the Pir Panjal range of Jammu & Kashmir.; D: It is an isolated coral atoll reef structure in the Lakshadweep archipelago.,A,Official ASSAM Syllabus Fact: Promotes eco-friendly and cost-effective bulk cargo trade connecting Northeast India to international ports via Bangladesh.,,,River shipping lane diagram tracking National Waterway 2 (NW-2) along the Brahmaputra River from Sadiya to Dhubri.
NE,Arunachal Pradesh,Arunachal Pradesh,Arunachal Pradesh Profile,Capital: Itanagar.,What is the capital city of Arunachal Pradesh?,Itanagar,What is the capital city of Arunachal Pradesh?,A: Itanagar; B: Imphal; C: Dispur; D: Shillong,A,Official Syllabus Fact: Itanagar.,Arunachal Pradesh Capital,Itanagar,Interactive SVG/CSS concept breakdown for Arunachal Pradesh Profile in Arunachal Pradesh.
NE,Arunachal Pradesh,Arunachal Pradesh,Arunachal Pradesh Profile,"State Symbols: Mithun (Animal), Great Hornbill (Bird), Foxtail Orchid (Flower).","What are the official state symbols (animal, bird, flower) of Arunachal Pradesh?",Mithun (Bos frontalis),Which animal is recognized as the official State Animal of Arunachal Pradesh?,A: Dispur; B: Mithun (Bos frontalis); C: Itanagar; D: Imphal,B,"Official Syllabus Fact: Mithun (Animal), Great Hornbill (Bird), Foxtail Orchid (Flower).",Arunachal Pradesh State Animal,Mithun (Bos frontalis),Interactive SVG/CSS concept breakdown for Arunachal Pradesh Profile in Arunachal Pradesh.
NE,Arunachal Pradesh,Arunachal Pradesh,Arunachal Pradesh Profile,"Special Conserved Fauna: Snow Leopard, Red Panda, Hoolock Gibbon.",What is the geographical significance of Special Conserved Fauna in Arunachal Pradesh?,Great Hornbill (Buceros bicornis),Which species is the official State Bird of Arunachal Pradesh?,A: Dispur; B: Itanagar; C: Imphal; D: Great Hornbill (Buceros bicornis),D,"Official Syllabus Fact: Snow Leopard, Red Panda, Hoolock Gibbon.",Arunachal Pradesh State Bird,Great Hornbill (Buceros bicornis),Interactive SVG/CSS concept breakdown for Arunachal Pradesh Profile in Arunachal Pradesh.
NE,Arunachal Pradesh,Arunachal Pradesh,Arunachal Pradesh Profile,"Important National Parks: Namdapha National Park, Mouling National Park.",What are the major declared National Parks located in Arunachal Pradesh?,Foxtail Orchid (Rhynchostylis retusa),Which flower is the official State Flower of Arunachal Pradesh?,A: Dispur; B: Foxtail Orchid (Rhynchostylis retusa); C: Itanagar; D: Imphal,B,"Official Syllabus Fact: Namdapha National Park, Mouling National Park.",Arunachal Pradesh State Flower,Foxtail Orchid (Rhynchostylis retusa),Interactive SVG/CSS concept breakdown for Arunachal Pradesh Profile in Arunachal Pradesh.
NE,Arunachal Pradesh,Arunachal Pradesh,Arunachal Pradesh Profile,"Highest Peak: Kangto Peak (7,090 m).",What is the highest mountain peak in Arunachal Pradesh?,"Snow Leopard, Red Panda, Hoolock Gibbon",Which is the highest mountain peak in Arunachal Pradesh?,"A: Itanagar; B: Dispur; C: Imphal; D: Kangto Peak (7,090 m)",D,"Official Syllabus Fact: Kangto Peak (7,090 m).",Arunachal Pradesh Highest Peak,"Kangto Peak (7,090 m)",Interactive SVG/CSS concept breakdown for Arunachal Pradesh Profile in Arunachal Pradesh.
NE,Arunachal Pradesh,Arunachal Pradesh,Arunachal Pradesh Profile,"Major Hills: Dafla Hills, Miri Hills, Abor Hills, and Mishmi Hills (part of the Eastern Himalayas).",What is the geographical significance of Major Hills in Arunachal Pradesh?,"Namdapha National Park, Mouling National Park",Which statement identifies statement describes the geographical significance of Major Hills in Arunachal Pradesh?,"A: It is an arid rain-shadow plateau located in the Deccan Peninsular Interior.; B: Dafla Hills, Miri Hills, Abor Hills, and Mishmi Hills (part of the Eastern Himalayas).; C: It is a major south-flowing river basin originating near Mahabaleshwar in the Western Ghats.; D: It is an isolated coral atoll reef structure in the Lakshadweep archipelago.",B,"Official NE Syllabus Fact: Dafla Hills, Miri Hills, Abor Hills, and Mishmi Hills (part of the Eastern Himalayas).",Arunachal Pradesh National Parks,"Namdapha National Park, Mouling National Park",Interactive SVG/CSS concept breakdown for Arunachal Pradesh Profile in Arunachal Pradesh.
NE,Arunachal Pradesh,Arunachal Pradesh,Major Hill Ranges (Arunachal Pradesh),"Major Hills: Dafla Hills, Miri Hills, Abor Hills, and Mishmi Hills (outer ranges of the Eastern Himalayas).",What is the geographical significance of Major Hills in Arunachal Pradesh?,"Dafla, Miri, Abor, and Mishmi Hills.",What is the correct West-to-East sequence of major hill ranges in Arunachal Pradesh?,"A: Garo, Khasi, Jaintia, Mizo; B: Mikir, Rengma, Barail, Naga; C: Mishmi, Abor, Miri, Dafla; D: Dafla, Miri, Abor, Mishmi",D,"Official Syllabus Fact: Dafla Hills, Miri Hills, Abor Hills, and Mishmi Hills (outer ranges of the Eastern Himalayas).",Dafla Hills,Westernmost outer Himalayan hills of Arunachal.,Interactive SVG/CSS concept breakdown for Major Hill Ranges (Arunachal Pradesh) in Arunachal Pradesh.
NE,Assam,Assam Profile,Assam Profile,Capital: Dispur.,What is the capital city of Assam Profile?,Dispur,What is the capital city of Assam?,A: Shillong; B: Dispur; C: Itanagar; D: Imphal,B,Official Syllabus Fact: Dispur.,Assam Capital,Dispur,Interactive SVG/CSS concept breakdown for Assam Profile in Assam Profile.
NE,Assam,Assam Profile,Assam Profile,"State Symbols: One-horned Rhinoceros (Animal), White-winged Wood Duck (Bird), Foxtail Orchid (Flower), Hollong (Tree).","What are the official state symbols (animal, bird, flower) of Assam Profile?",One-horned Rhinoceros,Which animal is recognized as the official State Animal of Assam?,A: Imphal; B: Dispur; C: One-horned Rhinoceros; D: Itanagar,C,"Official Syllabus Fact: One-horned Rhinoceros (Animal), White-winged Wood Duck (Bird), Foxtail Orchid (Flower), Hollong (Tree).",Assam State Animal,One-horned Rhinoceros,Interactive SVG/CSS concept breakdown for Assam Profile in Assam Profile.
NE,Assam,Assam Profile,Assam Profile,"Special Conserved Fauna: One-horned Rhino, Pygmy Hog, Golden Langur, Wild Water Buffalo.",What is the geographical significance of Special Conserved Fauna in Assam Profile?,White-winged Wood Duck,Which species is the official State Bird of Assam?,A: Itanagar; B: White-winged Wood Duck; C: Dispur; D: Imphal,B,"Official Syllabus Fact: One-horned Rhino, Pygmy Hog, Golden Langur, Wild Water Buffalo.",Assam State Bird,White-winged Wood Duck,Interactive SVG/CSS concept breakdown for Assam Profile in Assam Profile.
NE,Assam,Assam Profile,Assam Profile,"Important National Parks: Kaziranga NP, Manas NP, Orang NP, Nameri NP, Dibru-Saikhowa NP, Raimona NP, Dihing Patkai NP.",What are the major declared National Parks located in Assam Profile?,Foxtail Orchid (Kopou Phool),Which flower is the official State Flower of Assam?,A: Foxtail Orchid (Kopou Phool); B: Dispur; C: Itanagar; D: Imphal,A,"Official Syllabus Fact: Kaziranga NP, Manas NP, Orang NP, Nameri NP, Dibru-Saikhowa NP, Raimona NP, Dihing Patkai NP.",Assam State Flower,Foxtail Orchid (Kopou Phool),Interactive SVG/CSS concept breakdown for Assam Profile in Assam Profile.
NE,Assam,Assam Profile,Assam Profile,Major Valleys: Brahmaputra Valley and Barak Valley.,What is the geographical significance of Major Valleys in Assam Profile?,"One-horned Rhino, Pygmy Hog, Golden Langur, Wild Water Buffalo",Which is the highest mountain peak in Assam?,A: Dispur; B: Itanagar; C: N/A Peak; D: Imphal,C,Official Syllabus Fact: Brahmaputra Valley and Barak Valley.,Assam Highest Peak,N/A Peak,Interactive SVG/CSS concept breakdown for Assam Profile in Assam Profile.
NE,Assam,Assam Profile,Major Hill Ranges (Assam),"Major Hills: Mikir Hills (Karbi Plateau), Rengma Hills, and Barail Range (connecting Karbi Anglong and Dima Hasao).",What is the geographical significance of Major Hills in Assam Profile?,"Mikir Hills, Rengma Hills, and Barail Range.",Which three major hill ranges are located in Assam?,"A: Garo, Khasi, Jaintia; B: Dafla, Miri, Abor; C: Jampui, Atharamura, Longtharai; D: Mikir, Rengma, Barail",D,"Official Syllabus Fact: Mikir Hills (Karbi Plateau), Rengma Hills, and Barail Range (connecting Karbi Anglong and Dima Hasao).",Mikir Hills,"Located in Karbi Anglong, Assam.",Interactive SVG/CSS concept breakdown for Major Hill Ranges (Assam) in Assam Profile.
NE,Manipur,Manipur,Manipur Profile,Capital: Imphal.,What is the capital city of Manipur?,Imphal,What is the capital city of Manipur?,A: Dispur; B: Itanagar; C: Imphal; D: Shillong,C,Official Syllabus Fact: Imphal.,Manipur Capital,Imphal,Interactive SVG/CSS concept breakdown for Manipur Profile in Manipur.
NE,Manipur,Manipur,Manipur Profile,"State Symbols: Sangai/Brow-antlered Deer (Animal), Mrs. Hume Pheasant/Nongin (Bird), Shirui Lily/Siroi Lily (Flower).","What are the official state symbols (animal, bird, flower) of Manipur?",Sangai (Brow-antlered Deer),Which animal is recognized as the official State Animal of Manipur?,A: Itanagar; B: Sangai (Brow-antlered Deer); C: Dispur; D: Imphal,B,"Official Syllabus Fact: Sangai/Brow-antlered Deer (Animal), Mrs. Hume Pheasant/Nongin (Bird), Shirui Lily/Siroi Lily (Flower).",Manipur State Animal,Sangai (Brow-antlered Deer),Interactive SVG/CSS concept breakdown for Manipur Profile in Manipur.
NE,Manipur,Manipur,Manipur Profile,Special Conserved Fauna: Sangai (endemic to the floating phumdis of Loktak Lake).,What is the geographical significance of Special Conserved Fauna in Manipur?,Mrs. Hume Pheasant (Nongin),Which species is the official State Bird of Manipur?,A: Dispur; B: Itanagar; C: Imphal; D: Mrs. Hume Pheasant (Nongin),D,Official Syllabus Fact: Sangai (endemic to the floating phumdis of Loktak Lake).,Manipur State Bird,Mrs. Hume Pheasant (Nongin),Interactive SVG/CSS concept breakdown for Manipur Profile in Manipur.
NE,Manipur,Manipur,Manipur Profile,"Important National Parks: Keibul Lamjao NP (the world floating national park), Sirohi NP.",What are the major declared National Parks located in Manipur?,Shirui Lily / Siroi Lily,Which flower is the official State Flower of Manipur?,A: Itanagar; B: Shirui Lily / Siroi Lily; C: Dispur; D: Imphal,B,"Official Syllabus Fact: Keibul Lamjao NP (the world floating national park), Sirohi NP.",Manipur State Flower,Shirui Lily / Siroi Lily,Interactive SVG/CSS concept breakdown for Manipur Profile in Manipur.
NE,Manipur,Manipur,Manipur Profile,"Highest Peak: Mount Tempu/Mount Iso (2,994 m).",What is the highest mountain peak in Manipur?,Sangai (endemic to Loktak Lake),Which is the highest mountain peak in Manipur?,"A: Imphal; B: Itanagar; C: Dispur; D: Mount Tempu / Mount Iso (2,994 m)",D,"Official Syllabus Fact: Mount Tempu/Mount Iso (2,994 m).",Manipur Highest Peak,"Mount Tempu / Mount Iso (2,994 m)",Interactive SVG/CSS concept breakdown for Manipur Profile in Manipur.
NE,Manipur,Manipur,Manipur Profile,Major Hills: Manipur Hills (part of the Purvanchal Range).,What is the geographical significance of Major Hills in Manipur?,"Keibul Lamjao NP (world only floating national park), Sirohi NP",Which statement identifies statement describes the geographical significance of Major Hills in Manipur?,A: Manipur Hills (part of the Purvanchal Range).; B: It forms part of the mangrove delta wetlands in the Sundarbans of West Bengal.; C: It is a high-altitude glaciated valley situated in the Pir Panjal range of Jammu & Kashmir.; D: It is an isolated coral atoll reef structure in the Lakshadweep archipelago.,A,Official NE Syllabus Fact: Manipur Hills (part of the Purvanchal Range).,Manipur National Parks,"Keibul Lamjao NP (world only floating national park), Sirohi NP",Interactive SVG/CSS concept breakdown for Manipur Profile in Manipur.
NE,Meghalaya,Meghalaya,Meghalaya Profile,Capital: Shillong.,What is the capital city of Meghalaya?,Shillong,What is the capital city of Meghalaya?,A: Dispur; B: Itanagar; C: Shillong; D: Imphal,C,Official Syllabus Fact: Shillong.,Meghalaya Capital,Shillong,Interactive SVG/CSS concept breakdown for Meghalaya Profile in Meghalaya.
NE,Meghalaya,Meghalaya,Meghalaya Profile,"State Symbols: Clouded Leopard (Animal), Hill Myna (Bird), Lady Slipper Orchid (Flower).","What are the official state symbols (animal, bird, flower) of Meghalaya?",Clouded Leopard,Which animal is recognized as the official State Animal of Meghalaya?,A: Itanagar; B: Imphal; C: Clouded Leopard; D: Dispur,C,"Official Syllabus Fact: Clouded Leopard (Animal), Hill Myna (Bird), Lady Slipper Orchid (Flower).",Meghalaya State Animal,Clouded Leopard,Interactive SVG/CSS concept breakdown for Meghalaya Profile in Meghalaya.
NE,Meghalaya,Meghalaya,Meghalaya Profile,"Special Conserved Fauna: Clouded Leopard, Hoolock Gibbon.",What is the geographical significance of Special Conserved Fauna in Meghalaya?,Hill Myna,Which species is the official State Bird of Meghalaya?,A: Hill Myna; B: Itanagar; C: Imphal; D: Dispur,A,"Official Syllabus Fact: Clouded Leopard, Hoolock Gibbon.",Meghalaya State Bird,Hill Myna,Interactive SVG/CSS concept breakdown for Meghalaya Profile in Meghalaya.
NE,Meghalaya,Meghalaya,Meghalaya Profile,"Important National Parks: Balpakram NP, Nokrek NP.",What are the major declared National Parks located in Meghalaya?,Lady Slipper Orchid,Which flower is the official State Flower of Meghalaya?,A: Lady Slipper Orchid; B: Imphal; C: Itanagar; D: Dispur,A,"Official Syllabus Fact: Balpakram NP, Nokrek NP.",Meghalaya State Flower,Lady Slipper Orchid,Interactive SVG/CSS concept breakdown for Meghalaya Profile in Meghalaya.
NE,Meghalaya,Meghalaya,Meghalaya Profile,"Highest Peak: Shillong Peak (1,965 m).",What is the highest mountain peak in Meghalaya?,"Clouded Leopard, Hoolock Gibbon",Which is the highest mountain peak in Meghalaya?,"A: Itanagar; B: Shillong Peak (1,965 m); C: Dispur; D: Imphal",B,"Official Syllabus Fact: Shillong Peak (1,965 m).",Meghalaya Highest Peak,"Shillong Peak (1,965 m)",Interactive SVG/CSS concept breakdown for Meghalaya Profile in Meghalaya.
NE,Meghalaya,Meghalaya,Meghalaya Profile,"Major Hills: Garo, Khasi, and Jaintia Hills (comprising the Meghalaya Plateau).",What is the geographical significance of Major Hills in Meghalaya?,"Balpakram NP, Nokrek NP",Which statement identifies statement describes the geographical significance of Major Hills in Meghalaya?,"A: It is a major south-flowing river basin originating near Mahabaleshwar in the Western Ghats.; B: It forms part of the Malabar coastal plains with signature backwater kayals in Kerala.; C: It is an isolated coral atoll reef structure in the Lakshadweep archipelago.; D: Garo, Khasi, and Jaintia Hills (comprising the Meghalaya Plateau).",D,"Official NE Syllabus Fact: Garo, Khasi, and Jaintia Hills (comprising the Meghalaya Plateau).",Meghalaya National Parks,"Balpakram NP, Nokrek NP",Interactive SVG/CSS concept breakdown for Meghalaya Profile in Meghalaya.
NE,Meghalaya,Meghalaya,Major Hill Ranges (Meghalaya),"Major Hills: Garo Hills, Khasi Hills, and Jaintia Hills (comprising the Meghalaya Plateau / Shillong Plateau).",What is the geographical significance of Major Hills in Meghalaya?,"Garo Hills, Khasi Hills, and Jaintia Hills.",Which three hill ranges compose the Meghalaya Plateau from West to East?,"A: Mikir, Rengma, Barail; B: Dafla, Miri, Abor; C: Garo, Khasi, Jaintia; D: Jampui, Atharamura, Longtharai",C,"Official Syllabus Fact: Garo Hills, Khasi Hills, and Jaintia Hills (comprising the Meghalaya Plateau / Shillong Plateau).",Garo Hills,Western hill division of Meghalaya (Nokrek Peak).,Interactive SVG/CSS concept breakdown for Major Hill Ranges (Meghalaya) in Meghalaya.
NE,Mizoram,Mizoram,Mizoram Profile,Capital: Aizawl.,What is the capital city of Mizoram?,Aizawl,What is the capital city of Mizoram?,A: Imphal; B: Itanagar; C: Dispur; D: Aizawl,D,Official Syllabus Fact: Aizawl.,Mizoram Capital,Aizawl,Interactive SVG/CSS concept breakdown for Mizoram Profile in Mizoram.
NE,Mizoram,Mizoram,Mizoram Profile,"State Symbols: Himalayan Serow (Animal), Mrs. Hume Pheasant (Bird), Red Vanda (Flower).","What are the official state symbols (animal, bird, flower) of Mizoram?",Himalayan Serow,Which animal is recognized as the official State Animal of Mizoram?,A: Itanagar; B: Imphal; C: Dispur; D: Himalayan Serow,D,"Official Syllabus Fact: Himalayan Serow (Animal), Mrs. Hume Pheasant (Bird), Red Vanda (Flower).",Mizoram State Animal,Himalayan Serow,Interactive SVG/CSS concept breakdown for Mizoram Profile in Mizoram.
NE,Mizoram,Mizoram,Mizoram Profile,"Special Conserved Fauna: Serow, Asiatic Black Bear.",What is the geographical significance of Special Conserved Fauna in Mizoram?,Mrs. Hume Pheasant,Which species is the official State Bird of Mizoram?,A: Mrs. Hume Pheasant; B: Dispur; C: Itanagar; D: Imphal,A,"Official Syllabus Fact: Serow, Asiatic Black Bear.",Mizoram State Bird,Mrs. Hume Pheasant,Interactive SVG/CSS concept breakdown for Mizoram Profile in Mizoram.
NE,Mizoram,Mizoram,Mizoram Profile,"Important National Parks: Murlen NP, Phawngpui NP.",What are the major declared National Parks located in Mizoram?,Red Vanda,Which flower is the official State Flower of Mizoram?,A: Itanagar; B: Red Vanda; C: Imphal; D: Dispur,B,"Official Syllabus Fact: Murlen NP, Phawngpui NP.",Mizoram State Flower,Red Vanda,Interactive SVG/CSS concept breakdown for Mizoram Profile in Mizoram.
NE,Mizoram,Mizoram,Mizoram Profile,"Highest Peak: Phawngpui/Blue Mountain (2,165 m).",What is the highest mountain peak in Mizoram?,"Himalayan Serow, Asiatic Black Bear",Which is the highest mountain peak in Mizoram?,"A: Phawngpui / Blue Mountain (2,165 m); B: Imphal; C: Dispur; D: Itanagar",A,"Official Syllabus Fact: Phawngpui/Blue Mountain (2,165 m).",Mizoram Highest Peak,"Phawngpui / Blue Mountain (2,165 m)",Interactive SVG/CSS concept breakdown for Mizoram Profile in Mizoram.
NE,Mizoram,Mizoram,Mizoram Profile,Major Hills: Mizo Hills (formerly Lushai Hills).,What is the geographical significance of Major Hills in Mizoram?,"Murlen NP, Phawngpui NP",Which statement identifies statement describes the geographical significance of Major Hills in Mizoram?,A: It is an arid rain-shadow plateau located in the Deccan Peninsular Interior.; B: It is an isolated coral atoll reef structure in the Lakshadweep archipelago.; C: It forms part of the Malabar coastal plains with signature backwater kayals in Kerala.; D: Mizo Hills (formerly Lushai Hills).,D,Official NE Syllabus Fact: Mizo Hills (formerly Lushai Hills).,Mizoram National Parks,"Murlen NP, Phawngpui NP",Interactive SVG/CSS concept breakdown for Mizoram Profile in Mizoram.
NE,Nagaland,Nagaland,Nagaland Profile,Capital: Kohima.,What is the capital city of Nagaland?,Kohima,What is the capital city of Nagaland?,A: Dispur; B: Itanagar; C: Imphal; D: Kohima,D,Official Syllabus Fact: Kohima.,Nagaland Capital,Kohima,Interactive SVG/CSS concept breakdown for Nagaland Profile in Nagaland.
NE,Nagaland,Nagaland,Nagaland Profile,"State Symbols: Mithun (Animal), Blyth Tragopan (Bird), Tree Rhododendron (Flower).","What are the official state symbols (animal, bird, flower) of Nagaland?",Mithun (Bos frontalis),Which animal is recognized as the official State Animal of Nagaland?,A: Mithun (Bos frontalis); B: Itanagar; C: Imphal; D: Dispur,A,"Official Syllabus Fact: Mithun (Animal), Blyth Tragopan (Bird), Tree Rhododendron (Flower).",Nagaland State Animal,Mithun (Bos frontalis),Interactive SVG/CSS concept breakdown for Nagaland Profile in Nagaland.
NE,Nagaland,Nagaland,Nagaland Profile,"Special Conserved Fauna: Amur Falcon (during migration roosting), Blyth Tragopan.",What is the geographical significance of Special Conserved Fauna in Nagaland?,Blyth Tragopan,Which species is the official State Bird of Nagaland?,A: Itanagar; B: Blyth Tragopan; C: Imphal; D: Dispur,B,"Official Syllabus Fact: Amur Falcon (during migration roosting), Blyth Tragopan.",Nagaland State Bird,Blyth Tragopan,Interactive SVG/CSS concept breakdown for Nagaland Profile in Nagaland.
NE,Nagaland,Nagaland,Nagaland Profile,Important National Parks: Ntangki NP.,What are the major declared National Parks located in Nagaland?,Tree Rhododendron,Which flower is the official State Flower of Nagaland?,A: Dispur; B: Tree Rhododendron; C: Imphal; D: Itanagar,B,Official Syllabus Fact: Ntangki NP.,Nagaland State Flower,Tree Rhododendron,Interactive SVG/CSS concept breakdown for Nagaland Profile in Nagaland.
NE,Nagaland,Nagaland,Nagaland Profile,"Highest Peak: Mount Saramati (3,841 m).",What is the highest mountain peak in Nagaland?,"Amur Falcon (migratory roosting), Blyth Tragopan",Which is the highest mountain peak in Nagaland?,"A: Itanagar; B: Mount Saramati (3,841 m); C: Imphal; D: Dispur",B,"Official Syllabus Fact: Mount Saramati (3,841 m).",Nagaland Highest Peak,"Mount Saramati (3,841 m)",Interactive SVG/CSS concept breakdown for Nagaland Profile in Nagaland.
NE,Nagaland,Nagaland,Nagaland Profile,"Major Hills: Naga Hills, Patkai Bum (forming the border with Myanmar).",What is the geographical significance of Major Hills in Nagaland?,Ntangki National Park,Which statement identifies statement describes the geographical significance of Major Hills in Nagaland?,"A: Naga Hills, Patkai Bum (forming the border with Myanmar).; B: It forms part of the mangrove delta wetlands in the Sundarbans of West Bengal.; C: It is a rift valley bounded by the Vindhya and Satpura mountain ranges in Central India.; D: It represents a coastal saline wetland system along the Rann of Kutch in Gujarat.",A,"Official NE Syllabus Fact: Naga Hills, Patkai Bum (forming the border with Myanmar).",Nagaland National Parks,Ntangki National Park,Interactive SVG/CSS concept breakdown for Nagaland Profile in Nagaland.
NE,Tripura,Tripura,Tripura Profile,Capital: Agartala.,What is the capital city of Tripura?,Agartala,What is the capital city of Tripura?,A: Imphal; B: Agartala; C: Dispur; D: Itanagar,B,Official Syllabus Fact: Agartala.,Tripura Capital,Agartala,Interactive SVG/CSS concept breakdown for Tripura Profile in Tripura.
NE,Tripura,Tripura,Tripura Profile,"State Symbols: Phayre Leaf Monkey/Spectacled Langur (Animal), Green Imperial Pigeon (Bird), Nageshwar/Cobra Saffron (Flower).","What are the official state symbols (animal, bird, flower) of Tripura?",Phayre Leaf Monkey / Spectacled Langur,Which animal is recognized as the official State Animal of Tripura?,A: Dispur; B: Itanagar; C: Phayre Leaf Monkey / Spectacled Langur; D: Imphal,C,"Official Syllabus Fact: Phayre Leaf Monkey/Spectacled Langur (Animal), Green Imperial Pigeon (Bird), Nageshwar/Cobra Saffron (Flower).",Tripura State Animal,Phayre Leaf Monkey / Spectacled Langur,Interactive SVG/CSS concept breakdown for Tripura Profile in Tripura.
NE,Tripura,Tripura,Tripura Profile,Special Conserved Fauna: Phayre Langur.,What is the geographical significance of Special Conserved Fauna in Tripura?,Green Imperial Pigeon,Which species is the official State Bird of Tripura?,A: Dispur; B: Itanagar; C: Green Imperial Pigeon; D: Imphal,C,Official Syllabus Fact: Phayre Langur.,Tripura State Bird,Green Imperial Pigeon,Interactive SVG/CSS concept breakdown for Tripura Profile in Tripura.
NE,Tripura,Tripura,Tripura Profile,"Important National Parks: Clouded Leopard NP, Rajbari (Bison) NP.",What are the major declared National Parks located in Tripura?,Nageshwar / Cobra Saffron,Which flower is the official State Flower of Tripura?,A: Imphal; B: Itanagar; C: Nageshwar / Cobra Saffron; D: Dispur,C,"Official Syllabus Fact: Clouded Leopard NP, Rajbari (Bison) NP.",Tripura State Flower,Nageshwar / Cobra Saffron,Interactive SVG/CSS concept breakdown for Tripura Profile in Tripura.
NE,Tripura,Tripura,Tripura Profile,Highest Peak: Betlingchhip/Sibrai-khung (930 m).,What is the highest mountain peak in Tripura?,Phayre Leaf Monkey,Which is the highest mountain peak in Tripura?,A: Itanagar; B: Imphal; C: Dispur; D: Betlingchhip / Sibrai-khung (930 m),D,Official Syllabus Fact: Betlingchhip/Sibrai-khung (930 m).,Tripura Highest Peak,Betlingchhip / Sibrai-khung (930 m),Interactive SVG/CSS concept breakdown for Tripura Profile in Tripura.
NE,Tripura,Tripura,Tripura Profile,"Major Hills: Jampui Hills, Atharamura Range.",What is the geographical significance of Major Hills in Tripura?,"Clouded Leopard NP, Rajbari (Bison) NP",Which statement identifies statement describes the geographical significance of Major Hills in Tripura?,"A: It forms part of the Malabar coastal plains with signature backwater kayals in Kerala.; B: It is an arid rain-shadow plateau located in the Deccan Peninsular Interior.; C: Jampui Hills, Atharamura Range.; D: It forms part of the mangrove delta wetlands in the Sundarbans of West Bengal.",C,"Official NE Syllabus Fact: Jampui Hills, Atharamura Range.",Tripura National Parks,"Clouded Leopard NP, Rajbari (Bison) NP",Interactive SVG/CSS concept breakdown for Tripura Profile in Tripura.
NE,World Natural Heritage Sites (WNHS),NE Heritage,Kaziranga National Park (Assam),Famous home to two-thirds of the world's great one-horned rhinoceroses.,What is a key geographical feature of Kaziranga National Park (Assam) in NE Heritage?,Two-thirds of the world population.,What fraction of the world one-horned rhino population lives in Kaziranga?,A: One-third; B: Two-thirds; C: Three-fourths; D: One-half,B,Official Syllabus Fact: Famous home to two-thirds of the world's great one-horned rhinoceroses.,Kaziranga Rhino Population,Two-thirds of the global one-horned rhino population.,Interactive SVG/CSS concept breakdown for Kaziranga National Park (Assam) in NE Heritage.
NE,World Natural Heritage Sites (WNHS),NE Heritage,Manas Wildlife Sanctuary (Assam),A scenic tiger and elephant reserve near the foothills of the Himalayas.,What is a key geographical feature of Manas Wildlife Sanctuary (Assam) in NE Heritage?,In the foothills of the Himalayas in Assam.,Where is Manas Wildlife Sanctuary situated?,A: Foothills of the Himalayas; B: Western Ghats; C: Sunderbans Delta; D: Thar Desert,A,Official Syllabus Fact: A scenic tiger and elephant reserve near the foothills of the Himalayas.,Manas Location,Himalayan foothills in Assam BTR region.,Interactive SVG/CSS concept breakdown for Manas Wildlife Sanctuary (Assam) in NE Heritage.
NE,World Natural Heritage Sites (WNHS),NE Heritage,Moidams – Ahom Dynasty Mounds (Assam),Sacred royal mound-burial systems located in Charaideo.,What is a key geographical feature of Moidams – Ahom Dynasty Mounds (Assam) in NE Heritage?,Sacred royal mound-burial systems of the Ahom Dynasty.,In which location are the sacred royal mound-burial Moidams of the Ahom Dynasty situated?,A: Guwahati; B: Tezpur; C: Jorhat; D: Charaideo,D,Official Syllabus Fact: Sacred royal mound-burial systems located in Charaideo.,Moidams Definition,Sacred royal mound-burial systems in Charaideo.,Interactive SVG/CSS concept breakdown for Moidams – Ahom Dynasty Mounds (Assam) in NE Heritage.
NE,World Natural Heritage Sites (WNHS),NE Heritage,Khangchendzonga National Park (Sikkim),A stunning mixed-criteria mountain and glacial ecosystem.,What is a key geographical feature of Khangchendzonga National Park (Sikkim) in NE Heritage?,India first Mixed UNESCO World Heritage Site.,What special UNESCO category does Khangchendzonga National Park fall under?,A: Mixed-criteria natural and cultural site; B: Marine Biosphere; C: Desert Ecosystem; D: Cultural Site only,A,Official Syllabus Fact: A stunning mixed-criteria mountain and glacial ecosystem.,Khangchendzonga Category,First Mixed UNESCO World Heritage Site in India.,Interactive SVG/CSS concept breakdown for Khangchendzonga National Park (Sikkim) in NE Heritage.
NE,Biosphere Reserves (BR),NE Biosphere,"General Schema (Core, Buffer & Eco-Sensitive Zone)","Structure: Biosphere reserves are divided into three concentric zones: Core Zone (strictly protected natural ecosystem), Buffer Zone (used for scientific research, education, and eco-tourism), and Eco-Sensitive / Transition Zone (outermost region for sustainable human settlements and agriculture).",What ecological markers and conservation zones define NE Biosphere?,"Core Zone, Buffer Zone, and Eco-Sensitive / Transition Zone.",Which zone of a Biosphere Reserve is strictly legally protected from human activity?,A: Peripheral Zone; B: Core Zone; C: Buffer Zone; D: Transition Zone,B,Official Syllabus Fact: Biosphere reserves are divided into three concentric zones,Core Zone,Strictly protected area for nature conservation.,"Interactive SVG/CSS concept breakdown for General Schema (Core, Buffer & Eco-Sensitive Zone) in NE Biosphere."
NE,Biosphere Reserves (BR),NE Biosphere,Manas Biosphere Reserve (Assam),Located in the foothills of the Himalayas.,What is a key geographical feature of Manas Biosphere Reserve (Assam) in NE Biosphere?,In the foothills of the Himalayas in Assam.,Where is Manas Biosphere Reserve located?,A: Sunderbans Delta; B: Deccan Plateau; C: Foothills of the Himalayas; D: Western Ghats,C,Official Syllabus Fact: Located in the foothills of the Himalayas.,Manas BR Location,Foothills of the Himalayas in Assam.,Interactive SVG/CSS concept breakdown for Manas Biosphere Reserve (Assam) in NE Biosphere.
NE,Biosphere Reserves (BR),NE Biosphere,Manas Biosphere Reserve (Assam),"Known for the wild water buffalo, pygmy hog, and golden langur.",What is a key geographical feature of Manas Biosphere Reserve (Assam) in NE Biosphere?,"Wild water buffalo, pygmy hog, and golden langur.",Which three iconic fauna are specially conserved in Manas BR?,"A: Gharial, Dugong, Dolphin; B: Red Panda, Snow Leopard, Takin; C: Lion, Cheetah, Leopard; D: Wild water buffalo, pygmy hog, golden langur",D,"Official Syllabus Fact: Known for the wild water buffalo, pygmy hog, and golden langur.",Wild Water Buffalo,Conserved in Manas Biosphere Reserve.,Interactive SVG/CSS concept breakdown for Manas Biosphere Reserve (Assam) in NE Biosphere.
NE,Biosphere Reserves (BR),NE Biosphere,Dibru-Saikhowa Biosphere Reserve (Assam),Formed by the Brahmaputra and Lohit rivers.,What is a key geographical feature of Dibru-Saikhowa Biosphere Reserve (Assam) in NE Biosphere?,Brahmaputra and Lohit rivers.,Which two major rivers form the island landscape of Dibru-Saikhowa BR?,A: Brahmaputra and Lohit rivers; B: Barak and Imphal; C: Manas and Sankosh; D: Ganga and Yamuna,A,Official Syllabus Fact: Formed by the Brahmaputra and Lohit rivers.,Dibru-Saikhowa Rivers,Formed by Brahmaputra and Lohit rivers.,Interactive SVG/CSS concept breakdown for Dibru-Saikhowa Biosphere Reserve (Assam) in NE Biosphere.
NE,Biosphere Reserves (BR),NE Biosphere,Dibru-Saikhowa Biosphere Reserve (Assam),"Famous for swamp forests, feral horses, and rare white-winged wood ducks.",What is a key geographical feature of Dibru-Saikhowa Biosphere Reserve (Assam) in NE Biosphere?,"Swamp forests, feral horses, and rare white-winged wood ducks.",Dibru-Saikhowa is famous for which unique free-roaming animal population?,A: Sangai Deer; B: Feral horses; C: Snow Leopards; D: Wild Yaks,B,"Official Syllabus Fact: Famous for swamp forests, feral horses, and rare white-winged wood ducks.",Dibru-Saikhowa Key Fauna,Feral horses and white-winged wood ducks.,Interactive SVG/CSS concept breakdown for Dibru-Saikhowa Biosphere Reserve (Assam) in NE Biosphere.
NE,Biosphere Reserves (BR),NE Biosphere,Nokrek Biosphere Reserve (Meghalaya),Located in the Garo Hills.,What is a key geographical feature of Nokrek Biosphere Reserve (Meghalaya) in NE Biosphere?,In the Garo Hills of Meghalaya.,In which hill range of Meghalaya is Nokrek Biosphere Reserve located?,A: Jaintia Hills; B: Khasi Hills; C: Garo Hills; D: Barail Range,C,Official Syllabus Fact: Located in the Garo Hills.,Nokrek Location,"Garo Hills, Meghalaya.",Interactive SVG/CSS concept breakdown for Nokrek Biosphere Reserve (Meghalaya) in NE Biosphere.
NE,Biosphere Reserves (BR),NE Biosphere,Nokrek Biosphere Reserve (Meghalaya),Known for citrus gene conservation and red pandas.,What is a key geographical feature of Nokrek Biosphere Reserve (Meghalaya) in NE Biosphere?,Citrus gene conservation (Citrus indica) and red pandas.,Nokrek Biosphere Reserve is world-famous for the gene conservation of which wild fruit?,A: Citrus (Citrus indica); B: Wild Apple; C: Wild Banana; D: Wild Mango,A,Official Syllabus Fact: Known for citrus gene conservation and red pandas.,Nokrek Conservation Focus,Citrus gene conservation and red pandas.,Interactive SVG/CSS concept breakdown for Nokrek Biosphere Reserve (Meghalaya) in NE Biosphere.
NE,Biosphere Reserves (BR),NE Biosphere,Dihang-Dibang Biosphere Reserve (Arunachal Pradesh),Located in the high mountains of the Siang and Dibang valleys.,What is a key geographical feature of Dihang-Dibang Biosphere Reserve (Arunachal Pradesh) in NE Biosphere?,In the high mountains of the Siang and Dibang valleys in Arunachal Pradesh.,Where is Dihang-Dibang Biosphere Reserve located?,A: Garo Hills; B: High mountains of Siang and Dibang valleys; C: Imphal valley; D: Brahmaputra river plain,B,Official Syllabus Fact: Located in the high mountains of the Siang and Dibang valleys.,Dihang-Dibang Location,"High mountains of Siang & Dibang valleys, Arunachal.",Interactive SVG/CSS concept breakdown for Dihang-Dibang Biosphere Reserve (Arunachal Pradesh) in NE Biosphere.
NE,Biosphere Reserves (BR),NE Biosphere,Dihang-Dibang Biosphere Reserve (Arunachal Pradesh),Home to Mishmi takin and snow leopards.,What is a key geographical feature of Dihang-Dibang Biosphere Reserve (Arunachal Pradesh) in NE Biosphere?,Mishmi takin and snow leopards.,Dihang-Dibang BR is home to which two high-altitude mammals?,A: Mishmi takin and snow leopards; B: Lion and Tiger; C: Dugong and Dolphin; D: Rhino and Elephant,A,Official Syllabus Fact: Home to Mishmi takin and snow leopards.,Dihang-Dibang Key Mammals,Mishmi takin and snow leopards.,Interactive SVG/CSS concept breakdown for Dihang-Dibang Biosphere Reserve (Arunachal Pradesh) in NE Biosphere.
INDIA,Physiographic Divisions of India,Himalayas,Subdivisions (West to East),Suleyman (Karakoram).,What is a key geographical feature of Subdivisions (West to East) in Himalayas?,Suleyman (Karakoram range).,Which eastern wing of the Himalayas forms the hill ranges along the North-Eastern Indian border?,A: Zaskar; B: Shiwaliks; C: Pir Panjal; D: Purvanchal,D,Official Syllabus Fact: Suleyman (Karakoram).,Suleyman / Karakoram,Westernmost mountain range extension.,🔄 Interactive Syntaxial Bends Diagram using CSS SVG paths with animated drawing effects (stroke-dashoffset) to show the horizontal span.
INDIA,Physiographic Divisions of India,Himalayas,Subdivisions (West to East),Main Himalaya (Great Himalaya).,What is a key geographical feature of Subdivisions (West to East) in Himalayas?,Main Himalaya (Great Himalaya).,What is the westernmost mountain extension of the Trans-Himalayan region?,A: Patkai Bum; B: Shiwaliks; C: Suleyman / Karakoram; D: Purvanchal,C,Official Syllabus Fact: Main Himalaya (Great Himalaya).,Main Himalaya,Central backbone containing the Great Himalayan peaks.,🔄 Interactive Syntaxial Bends Diagram using CSS SVG paths with animated drawing effects (stroke-dashoffset) to show the horizontal span.
INDIA,Physiographic Divisions of India,Himalayas,Subdivisions (West to East),Purvanchal (Eastern Himalaya).,What is a key geographical feature of Subdivisions (West to East) in Himalayas?,Purvanchal (Eastern Himalaya).,Which mountain peak marks the sharp eastern syntaxial bend of the Himalayas?,A: K2; B: Anaimudi; C: Nanga Parbat; D: Namcha Barwa,D,Official Syllabus Fact: Purvanchal (Eastern Himalaya).,Purvanchal,Eastern Himalayan wing forming North-Eastern border hills.,🔄 Interactive Syntaxial Bends Diagram using CSS SVG paths with animated drawing effects (stroke-dashoffset) to show the horizontal span.
INDIA,Physiographic Divisions of India,Himalayas,Vertical Divisions (South to North),"Himadri (Greater Himalayas): The innermost, continuous range containing the highest peaks like Mt. Everest and Kanchenjunga.",What is the highest mountain peak in Himalayas?,Himadri (Greater Himalayas).,Which of the following ranges contains the highest peaks such as Mt. Everest and Kanchenjunga?,A: Himachal; B: Himadri; C: Purvanchal; D: Shiwaliks,B,"Official Syllabus Fact: The innermost, continuous range containing the highest peaks like Mt. Everest and Kanchenjunga.",Himadri,"The innermost, continuous range containing Mt. Everest.","🏔️ CSS Stacked Elevation Layers using overlapping divs with varying z-indexes and heights to represent Himadri, Himachal, and Shivalik."
INDIA,Physiographic Divisions of India,Himalayas,Vertical Divisions (South to North),Himachal (Lesser Himalayas): Known for hill stations and rugged terrain like Pir Panjal and Dhaula Dhar.,What is the geographical significance of Himachal (Lesser Himalayas) in Himalayas?,Himadri (Greater Himalayas).,The Himachal range is best known for which of the following features?,A: Unconsolidated sediments; B: Highest peaks; C: Coastal plains; D: Hill stations and rugged terrain,D,Official Syllabus Fact: Known for hill stations and rugged terrain like Pir Panjal and Dhaula Dhar.,Himachal,Lesser Himalayas featuring hill stations and Pir Panjal.,"🏔️ CSS Stacked Elevation Layers using overlapping divs with varying z-indexes and heights to represent Himadri, Himachal, and Shivalik."
INDIA,Physiographic Divisions of India,Himalayas,Vertical Divisions (South to North),Shiwaliks (Outer Himalayas): The outermost range composed of unconsolidated sediments.,What is the geographical significance of Shiwaliks (Outer Himalayas) in Himalayas?,Himachal.,Which Himalayan division is composed of unconsolidated sediments?,A: Himadri; B: Karakoram; C: Himachal; D: Shiwaliks,D,Official Syllabus Fact: The outermost range composed of unconsolidated sediments.,Shiwaliks,The outermost range composed of unconsolidated sediments.,"🏔️ CSS Stacked Elevation Layers using overlapping divs with varying z-indexes and heights to represent Himadri, Himachal, and Shivalik."
INDIA,Physiographic Divisions of India,Northern Plains,Formation & Soil,"Formed by the interplay of three major river systems: the Indus, the Ganga, and the Brahmaputra, along with their tributaries.",What are the major tributaries associated with Northern Plains?,"The Indus, Ganga, and Brahmaputra river systems.",The Northern Plains of India were primarily created by alluvial deposits from which three river systems?,"A: Indus, Ganga & Brahmaputra; B: Luni, Sabarmati & Banas; C: Narmada, Tapi & Mahanadi; D: Godavari, Krishna & Cauvery",A,"Official Syllabus Fact: the Indus, the Ganga, and the Brahmaputra, along with their tributaries.",Alluvial Soil,Highly fertile river sediment covering the Northern Plains.,CSS Layered Soil Profile Box using linear gradients to show the rich alluvial soil layers formed by the river systems.
INDIA,Physiographic Divisions of India,Northern Plains,Formation & Soil,"Features highly fertile alluvial soil, making it the most agriculturally productive and densely populated region.",What is a key geographical feature of Formation & Soil in Northern Plains?,Alluvial soil deposited by river systems.,"What is the dominant, highly fertile soil type covering the Northern Plains?",A: Red Soil; B: Black Regur Soil; C: Alluvial Soil; D: Laterite Soil,C,"Official Syllabus Fact: Features highly fertile alluvial soil, making it the most agriculturally productive and densely populated region.","Indus, Ganga & Brahmaputra",Three major river systems that formed the Northern Plains.,CSS Layered Soil Profile Box using linear gradients to show the rich alluvial soil layers formed by the river systems.
INDIA,Physiographic Divisions of India,Northern Plains,Regional Divisions,Punjab Plains.,What is a key geographical feature of Regional Divisions in Northern Plains?,Punjab Plains.,"Which regional division of the Northern Plains is situated in the eastern region, primarily covering Assam?",A: Ganga Plains; B: Brahmaputra / Luit Valley; C: Punjab Plains; D: Rann of Kutch,B,Official Syllabus Fact: Punjab Plains.,Punjab Plains,Western section of Northern Plains formed by Indus system.,"Interactive HTML/CSS Map with three distinct hoverable zones (Punjab, Ganga, Brahmaputra plains) that expand on hover."
INDIA,Physiographic Divisions of India,Northern Plains,Regional Divisions,Ganga Plains.,What is a key geographical feature of Regional Divisions in Northern Plains?,Ganga Plains.,Which regional division of the Northern Plains is formed by the Indus and its five main tributaries?,A: Brahmaputra Valley; B: Punjab Plains; C: Coromandel Plains; D: Ganga Plains,B,Official Syllabus Fact: Ganga Plains.,Ganga Plains,"Central section spanning Haryana, UP, Bihar, and West Bengal.","Interactive HTML/CSS Map with three distinct hoverable zones (Punjab, Ganga, Brahmaputra plains) that expand on hover."
INDIA,Physiographic Divisions of India,Northern Plains,Regional Divisions,Brahmaputra / Luit Valley.,What is a key geographical feature of Regional Divisions in Northern Plains?,Brahmaputra / Luit Valley.,Which central division of the Northern Plains stretches between the Ghaggar and Teesta rivers?,A: Assam Plains; B: Punjab Plains; C: Ganga Plains; D: Konkan Plains,C,Official Syllabus Fact: Brahmaputra / Luit Valley.,Brahmaputra Valley,Eastern plain section traversing Assam.,"Interactive HTML/CSS Map with three distinct hoverable zones (Punjab, Ganga, Brahmaputra plains) that expand on hover."
INDIA,Physiographic Divisions of India,Peninsular Plateau,Central Highlands (Midlands),"Lies to the north of the Narmada river, bounded by the Vindhya range and Aravalis.",What is a key geographical feature of Central Highlands (Midlands) in Peninsular Plateau?,Lies to the north of the Narmada river.,"Which plateau region lies directly north of the Narmada river, bounded by the Vindhyas and Aravalis?",A: Central Highlands (Midlands); B: Karnataka Plateau; C: Deccan Plateau; D: Shillong Plateau,A,"Official Syllabus Fact: Lies to the north of the Narmada river, bounded by the Vindhya range and Aravalis.",Central Highlands,Plateau region lying north of the Narmada river.,"CSS Grid Layout displaying distinct plateau tiles (Malwa, Marwar, Bundelkhand, etc.) that elevate (box-shadow/transform) on hover."
INDIA,Physiographic Divisions of India,Peninsular Plateau,Central Highlands (Midlands),"Includes the Malwa Plateau, Marwar Plateau, Bundelkhand, Baghelkhand, and Chotanagpur Plateau.",What is a key geographical feature of Central Highlands (Midlands) in Peninsular Plateau?,Bounded by the Vindhya range and Aravalis.,Which mountain range forms the northwest boundary of the Central Highlands?,A: Western Ghats; B: Barail Range; C: Satpura Range; D: Aravali Range,D,"Official Syllabus Fact: Includes the Malwa Plateau, Marwar Plateau, Bundelkhand, Baghelkhand, and Chotanagpur Plateau.",Aravali Range,Oldest fold mountain range forming northwest boundary.,"CSS Grid Layout displaying distinct plateau tiles (Malwa, Marwar, Bundelkhand, etc.) that elevate (box-shadow/transform) on hover."
INDIA,Physiographic Divisions of India,Peninsular Plateau,Deccan Plateau,"A triangular landmass situated to the south of the Narmada river, flanked by the Eastern and Western Ghats.",What is a key geographical feature of Deccan Plateau in Peninsular Plateau?,Triangular landmass.,The volcanic Deccan Trap region is famous for which type of soil essential for cotton cultivation?,A: Black Soil (Deccan Trap); B: Desert Soil; C: Red & Yellow Soil; D: Laterite Soil,A,"Official Syllabus Fact: A triangular landmass situated to the south of the Narmada river, flanked by the Eastern and Western Ghats.",Deccan Trap,Volcanic basaltic region dominated by rich black cotton soil.,CSS Triangle shape created using `clip-path: polygon()` with a dark textured background to represent the black soil Deccan Trap.
INDIA,Physiographic Divisions of India,Peninsular Plateau,Deccan Plateau,Rich in mineral resources and features black soil (Deccan Trap) ideal for cotton cultivation.,What is a key geographical feature of Deccan Plateau in Peninsular Plateau?,Black soil (Deccan Trap) ideal for cotton.,What geometrical shape best describes the Deccan Plateau south of Narmada?,A: Rectangular; B: Oval; C: Circular; D: Triangular,D,Official Syllabus Fact: Rich in mineral resources and features black soil (Deccan Trap) ideal for cotton cultivation.,Triangular Landmass,Geometrical contour of Deccan Plateau south of Narmada.,CSS Triangle shape created using `clip-path: polygon()` with a dark textured background to represent the black soil Deccan Trap.
INDIA,Physiographic Divisions of India,Peninsular Plateau,Mountain Ranges & Peaks,Encompasses the Western Ghats and Eastern Ghats.,What is a key geographical feature of Mountain Ranges & Peaks in Peninsular Plateau?,The Western Ghats and Eastern Ghats.,At which point do the Western Ghats and Eastern Ghats join?,A: Anaimudi; B: Jindagarha; C: Nilgiri; D: Aravali,C,Official Syllabus Fact: Encompasses the Western Ghats and Eastern Ghats.,Nilgiri,The point where the Western and Eastern Ghats join.,"CSS/SVG V-Shape Diagram showing the Western and Eastern Ghats converging at a central node labeled Nilgiri, with a pulsing CSS marker for Anaimudi."
INDIA,Physiographic Divisions of India,Peninsular Plateau,Mountain Ranges & Peaks,Nilgiri is the point where the Western and Eastern Ghats join.,What is a key geographical feature of Mountain Ranges & Peaks in Peninsular Plateau?,Nilgiri.,Which of the following is identified as the southernmost peak?,A: Nilgiri; B: Kanchenjunga; C: Anaimudi; D: Jindagarha,C,Official Syllabus Fact: Nilgiri is the point where the Western and Eastern Ghats join.,Anaimudi,Identified as the southernmost peak in Peninsular India.,"CSS/SVG V-Shape Diagram showing the Western and Eastern Ghats converging at a central node labeled Nilgiri, with a pulsing CSS marker for Anaimudi."
INDIA,Physiographic Divisions of India,Peninsular Plateau,Mountain Ranges & Peaks,Anaimudi is identified as the southernmost peak.,What is a key geographical feature of Mountain Ranges & Peaks in Peninsular Plateau?,Anaimudi.,What is the highest peak in Peninsular India?,A: Nilgiri; B: Mt. Everest; C: Anaimudi; D: Jindagarha,D,Official Syllabus Fact: Anaimudi is identified as the southernmost peak.,Jindagarha,The highest peak in Peninsular India (Eastern Ghats).,"CSS/SVG V-Shape Diagram showing the Western and Eastern Ghats converging at a central node labeled Nilgiri, with a pulsing CSS marker for Anaimudi."
INDIA,Physiographic Divisions of India,Peninsular Plateau,Mountain Ranges & Peaks,Jindagarha is the highest peak in Peninsular India.,What is the highest mountain peak in Peninsular Plateau?,"Jindagarha (1,690 m).",Which is the highest peak in the Aravali Range?,A: Anaimudi; B: Guru Shikhar; C: Dhupgarh; D: Jindagarha,B,Official Syllabus Fact: Jindagarha is the highest peak in Peninsular India.,Guru Shikhar,Highest peak of the Aravali Range in Rajasthan.,"CSS/SVG V-Shape Diagram showing the Western and Eastern Ghats converging at a central node labeled Nilgiri, with a pulsing CSS marker for Anaimudi."
INDIA,Physiographic Divisions of India,Thar & Coastal Plains,The Indian Desert (Thar Desert),Lies towards the western margins of the Aravali Hills in Rajasthan.,What is a key geographical feature of The Indian Desert (Thar Desert) in Thar & Coastal Plains?,Towards the western margins of the Aravali Hills in Rajasthan.,The Thar Desert lies towards which margin of the Aravali Hills in Rajasthan?,A: Eastern margin; B: Western margin; C: Northern margin; D: Southern margin,B,Official Syllabus Fact: Lies towards the western margins of the Aravali Hills in Rajasthan.,Thar Desert,Arid desert region west of Aravali Hills in Rajasthan.,CSS Animated Heat Waves and Sand Dunes created using overlapping radial gradients and keyframe animations for an arid effect.
INDIA,Physiographic Divisions of India,Thar & Coastal Plains,The Indian Desert (Thar Desert),Features an arid climate with low vegetation cover and very low annual rainfall (below 150 mm).,What is a key geographical feature of The Indian Desert (Thar Desert) in Thar & Coastal Plains?,Very low annual rainfall below 150 mm.,What is the average annual rainfall received in the Thar Desert?,A: Below 150 mm; B: Over 2000 mm; C: 500 mm to 750 mm; D: 1000 mm,A,Official Syllabus Fact: Features an arid climate with low vegetation cover and very low annual rainfall (below 150 mm).,Below 150 mm,Average annual rainfall in the Indian Desert.,CSS Animated Heat Waves and Sand Dunes created using overlapping radial gradients and keyframe animations for an arid effect.
INDIA,Physiographic Divisions of India,Thar & Coastal Plains,Western Coastal Plains,A narrow strip between the Western Ghats and the Arabian Sea.,What is a key geographical feature of Western Coastal Plains in Thar & Coastal Plains?,A narrow strip between the Western Ghats and the Arabian Sea.,Which of the following is the southern coast of the Western Coastal Plains?,A: Malabar; B: Northern Circars; C: Konkan; D: Coromandel,A,Official Syllabus Fact: A narrow strip between the Western Ghats and the Arabian Sea.,Konkan Coast,Northern section of the Western Coastal Plains (Mumbai to Goa).,"Narrow CSS Flex Column adjacent to a blue gradient, with sticky scrolling to explore Konkan, Kannad, and Malabar."
INDIA,Physiographic Divisions of India,Thar & Coastal Plains,Western Coastal Plains,"Divided into Konkan, Kannad, and Malabar coasts.",What is a key geographical feature of Western Coastal Plains in Thar & Coastal Plains?,"Konkan, Kannad, and Malabar coasts.",Which section of the Western Coastal Plains stretches from Mumbai to Goa?,A: Konkan Coast; B: Kannad Coast; C: Coromandel Coast; D: Malabar Coast,A,"Official Syllabus Fact: Divided into Konkan, Kannad, and Malabar coasts.",Kannad Coast,Central section of the Western Coastal Plains in Karnataka.,"Narrow CSS Flex Column adjacent to a blue gradient, with sticky scrolling to explore Konkan, Kannad, and Malabar."
INDIA,Physiographic Divisions of India,Thar & Coastal Plains,Eastern Coastal Plains,"Broader plains between the Eastern Ghats and the Bay of Bengal, known for large river deltas.",What is a key geographical feature of Eastern Coastal Plains in Thar & Coastal Plains?,Broader plains between the Eastern Ghats and the Bay of Bengal.,The southern part of the Eastern Coastal Plains is referred to as which coast?,A: Konkan Coast; B: Malabar Coast; C: Coromandel Coast; D: Kannad Coast,C,"Official Syllabus Fact: Broader plains between the Eastern Ghats and the Bay of Bengal, known for large river deltas.",Northern Circars,Northern section of the Eastern Coastal Plains.,Broader CSS Flex Column featuring expanding horizontal border-radiuses to visually represent the large river deltas.
INDIA,Physiographic Divisions of India,Thar & Coastal Plains,Eastern Coastal Plains,Divided into Northern Circars and the Coromandel Coast.,What is a key geographical feature of Eastern Coastal Plains in Thar & Coastal Plains?,Northern Circars and the Coromandel Coast.,Which is the largest brackish water lagoon located on the Eastern Coastal Plain in Odisha?,A: Dal Lake; B: Vembanad Lake; C: Wular Lake; D: Chilika Lake,D,Official Syllabus Fact: Divided into Northern Circars and the Coromandel Coast.,Coromandel Coast,Southern section of the Eastern Coastal Plains along Tamil Nadu.,Broader CSS Flex Column featuring expanding horizontal border-radiuses to visually represent the large river deltas.
INDIA,Physiographic Divisions of India,The Islands,Major Island Groups,"Andaman and Nicobar (Bay of Bengal): Volcanic origin, larger in size, and rich in biodiversity.",What is the geographical significance of Andaman and Nicobar (Bay of Bengal) in The Islands?,Andaman and Nicobar Islands.,The Lakshadweep Islands in the Arabian Sea are primarily formed from what structure?,A: Volcanic rock; B: Coral origin (atolls); C: Fold mountain roots; D: Glacial moraines,B,"Official Syllabus Fact: Volcanic origin, larger in size, and rich in biodiversity.",Andaman and Nicobar,Volcanic origin island chain in the Bay of Bengal.,"CSS Floating Bubbles scattered on a blue background container, clustered into a large group (Andaman) and a small coral ring group (Lakshadweep)."
INDIA,Physiographic Divisions of India,The Islands,Major Island Groups,"Lakshadweep (Arabian Sea): Coral origin (atolls), covering a smaller geographical area.",What is the geographical significance of Lakshadweep (Arabian Sea) in The Islands?,Lakshadweep Islands (atolls).,Which island group is located in the Bay of Bengal?,A: Andaman and Nicobar; B: Maldives; C: Sri Lanka; D: Lakshadweep,A,"Official Syllabus Fact: Coral origin (atolls), covering a smaller geographical area.",Lakshadweep,Coral origin (atolls) island group in the Arabian Sea.,"CSS Floating Bubbles scattered on a blue background container, clustered into a large group (Andaman) and a small coral ring group (Lakshadweep)."
INDIA,Major River Systems,Himalayan Rivers,The Indus System,Originates in Tibet near Lake Mansarovar.,What is a key geographical feature of The Indus System in Himalayan Rivers?,In Tibet near Lake Mansarovar.,Near which landmark in Tibet does the Indus river originate?,A: Gangotri Glacier; B: Yamunotri Glacier; C: Lake Mansarovar; D: Badrinath,C,Official Syllabus Fact: Originates in Tibet near Lake Mansarovar.,Lake Mansarovar (Tibet),Origin point of the Indus river system.,"SVG Branching Path Diagram flowing top-to-left, with tributaries lighting up consecutively using CSS animations."
INDIA,Major River Systems,Himalayan Rivers,The Indus System,"Major tributaries include the Jhelum, Chenab, Ravi, Beas, and Sutlej.",What are the major tributaries associated with Himalayan Rivers?,"Jhelum, Chenab, Ravi, Beas, and Sutlej.",Which is the largest tributary of the Indus river system?,A: Jhelum; B: Beas; C: Ravi; D: Chenab,D,"Official Syllabus Fact: Major tributaries include the Jhelum, Chenab, Ravi, Beas, and Sutlej.",Chenab,Largest tributary of the Indus system.,"SVG Branching Path Diagram flowing top-to-left, with tributaries lighting up consecutively using CSS animations."
INDIA,Major River Systems,Himalayan Rivers,The Ganga System,Originates as the Bhagirathi from the Gangotri glacier.,What is a key geographical feature of The Ganga System in Himalayan Rivers?,From the Gangotri glacier.,From which glacier does the Bhagirathi headstream of the Ganga originate?,A: Pindari glacier; B: Yamunotri glacier; C: Siachen glacier; D: Gangotri glacier,D,Official Syllabus Fact: Originates as the Bhagirathi from the Gangotri glacier.,Gangotri Glacier,Origin point of the Bhagirathi headstream of Ganga.,"Animated SVG River Flow (stroke-dasharray) starting from a single point and widening as major tributaries (Yamuna, Kosi) join in."
INDIA,Major River Systems,Himalayan Rivers,The Ganga System,"Major tributaries include the Yamuna, Ghaghara, Gandak, Kosi, and Son.",What are the major tributaries associated with Himalayan Rivers?,Devprayag.,At which confluence do the Bhagirathi and Alaknanda meet to form the Ganga?,A: Vishnuprayag; B: Karnaprayag; C: Rudraprayag; D: Devprayag,D,"Official Syllabus Fact: Major tributaries include the Yamuna, Ghaghara, Gandak, Kosi, and Son.",Devprayag,Confluence of Bhagirathi and Alaknanda forming the Ganga.,"Animated SVG River Flow (stroke-dasharray) starting from a single point and widening as major tributaries (Yamuna, Kosi) join in."
INDIA,Major River Systems,Himalayan Rivers,The Brahmaputra System,Originates in Tibet where it is known as Tsangpo.,What is a key geographical feature of The Brahmaputra System in Himalayan Rivers?,Tsangpo.,What is the name given to the Brahmaputra river in Tibet?,A: Jamuna; B: Padma; C: Meghna; D: Tsangpo,D,Official Syllabus Fact: Originates in Tibet where it is known as Tsangpo.,Tsangpo,Tibetan name for the Brahmaputra river.,CSS U-Turn Animation path reflecting the river's entry into Arunachal Pradesh and its massive spreading network in Assam.
INDIA,Major River Systems,Himalayan Rivers,The Brahmaputra System,Enters India through Arunachal Pradesh and forms a massive network in Assam.,What is a key geographical feature of The Brahmaputra System in Himalayan Rivers?,Arunachal Pradesh (as the Dihang/Siang).,Under what name does Brahmaputra enter Arunachal Pradesh?,A: Lohit; B: Manas; C: Subansiri; D: Dihang / Siang,D,Official Syllabus Fact: Enters India through Arunachal Pradesh and forms a massive network in Assam.,Dihang / Siang,Name of Brahmaputra as it enters Arunachal Pradesh.,CSS U-Turn Animation path reflecting the river's entry into Arunachal Pradesh and its massive spreading network in Assam.
INDIA,Major River Systems,Peninsular Rivers,West-Flowing Rivers,Narmada & Tapi flow through rift valleys into the Arabian Sea.,What is a key geographical feature of West-Flowing Rivers in Peninsular Rivers?,Narmada & Tapi.,Which two major Peninsular rivers flow westwards through rift valleys into the Arabian Sea?,A: Mahanadi & Cauvery; B: Narmada & Tapi; C: Luni & Sabarmati; D: Godavari & Krishna,B,Official Syllabus Fact: Narmada & Tapi flow through rift valleys into the Arabian Sea.,Narmada,West-flowing river originating at Amarkantak.,"CSS Horizontal Scroll/Flow right-to-left, ending abruptly in a straight edge to represent estuaries instead of deltas."
INDIA,Major River Systems,Peninsular Rivers,West-Flowing Rivers,They form estuaries instead of deltas.,What is a key geographical feature of West-Flowing Rivers in Peninsular Rivers?,Amarkantak Plateau in Madhya Pradesh.,Where does the Narmada river originate?,A: Brahmagiri; B: Amarkantak Plateau; C: Trimbakeshwar; D: Mahabaleshwar,B,Official Syllabus Fact: They form estuaries instead of deltas.,Tapi,West-flowing river originating at Multai in Betul.,"CSS Horizontal Scroll/Flow right-to-left, ending abruptly in a straight edge to represent estuaries instead of deltas."
INDIA,Major River Systems,Peninsular Rivers,East-Flowing Rivers,"Mahanadi, Godavari, Krishna, and Cauvery flow into the Bay of Bengal and form large, fertile deltas at their mouths.",What is a key geographical feature of East-Flowing Rivers in Peninsular Rivers?,"Mahanadi, Godavari, Krishna, and Cauvery.",Which is the largest peninsular river in India?,A: Godavari; B: Krishna; C: Cauvery; D: Mahanadi,A,"Official Syllabus Fact: Mahanadi, Godavari, Krishna, and Cauvery flow into the Bay of Bengal and form large, fertile deltas at their mouths.",Godavari,"Longest Peninsular river, known as 'Dakshin Ganga'.",CSS Horizontal Flow left-to-right that fans out into multiple small branches using CSS Grid/Flex to represent fertile deltas.
INDIA,Major River Systems,Peninsular Rivers,East-Flowing Rivers,The Godavari is the largest peninsular river and is often called Dakshin Ganga.,What is a key geographical feature of East-Flowing Rivers in Peninsular Rivers?,The Godavari (often called Dakshin Ganga).,The Godavari river is often referred to by what alternative name?,A: Uttara Ganga; B: Luit; C: Dakshin Ganga; D: Tsangpo,C,Official Syllabus Fact: The Godavari is the largest peninsular river and is often called Dakshin Ganga.,Krishna,Major east-flowing river originating at Mahabaleshwar.,CSS Horizontal Flow left-to-right that fans out into multiple small branches using CSS Grid/Flex to represent fertile deltas.
INDIA,Ecological Markers & Conservation,Biodiversity Hotspots (BH),Overview & Indian Hotspots,Biogeographic regions that are significant reservoirs of biodiversity threatened by human destruction.,What is a key geographical feature of Overview & Indian Hotspots in Biodiversity Hotspots (BH)?,4 out of the 36 globally recognized hotspots.,How many globally recognized biodiversity hotspots are hosted in India?,A: 4 out of 36; B: 2 out of 36; C: 18 out of 36; D: 12 out of 36,A,Official Syllabus Fact: Biogeographic regions that are significant reservoirs of biodiversity threatened by human destruction.,The Himalayas hotspot,Includes the entire Indian Himalayan region.,HTML/CSS Radar Map with 4 pulsing animated ring markers (using `@keyframes`) representing the 4 biodiversity hotspots.
INDIA,Ecological Markers & Conservation,Biodiversity Hotspots (BH),Overview & Indian Hotspots,India hosts 4 out of the 36 globally recognized hotspots.,What ecological markers and conservation zones define Biodiversity Hotspots (BH)?,The Himalayas hotspot.,Which hotspot includes the entire North-Eastern India (except Assam and Andaman)?,A: Indo-Burma hotspot; B: Sundaland hotspot; C: Western Ghats hotspot; D: The Himalayas hotspot,A,Official Syllabus Fact: India hosts 4 out of the 36 globally recognized hotspots.,Indo-Burma hotspot,Includes North-Eastern India (except Assam and Andaman).,HTML/CSS Radar Map with 4 pulsing animated ring markers (using `@keyframes`) representing the 4 biodiversity hotspots.
INDIA,Ecological Markers & Conservation,Biodiversity Hotspots (BH),Overview & Indian Hotspots,The Himalayas hotspot includes the entire Indian Himalayan region.,What ecological markers and conservation zones define Biodiversity Hotspots (BH)?,Indo-Burma hotspot.,The Nicobar group of Islands is included in which biodiversity hotspot?,A: The Himalayas hotspot; B: Indo-Burma hotspot; C: Sundaland hotspot; D: Western Ghats and Sri Lanka hotspot,C,Official Syllabus Fact: The Himalayas hotspot includes the entire Indian Himalayan region.,Western Ghats and Sri Lanka hotspot,Runs parallel to the western coast of the Indian peninsula.,HTML/CSS Radar Map with 4 pulsing animated ring markers (using `@keyframes`) representing the 4 biodiversity hotspots.
INDIA,Ecological Markers & Conservation,Biodiversity Hotspots (BH),Overview & Indian Hotspots,Indo-Burma hotspot includes the entire North-Eastern India (except Assam and Andaman).,What ecological markers and conservation zones define Biodiversity Hotspots (BH)?,Western Ghats and Sri Lanka hotspot.,Which hotspot covers the entire northern mountain belt of India?,A: Sundaland hotspot; B: Western Ghats hotspot; C: Indo-Burma hotspot; D: The Himalayas hotspot,D,Official Syllabus Fact: Indo-Burma hotspot includes the entire North-Eastern India (except Assam and Andaman).,Sundaland hotspot,Includes the Nicobar group of Islands.,HTML/CSS Radar Map with 4 pulsing animated ring markers (using `@keyframes`) representing the 4 biodiversity hotspots.
INDIA,Ecological Markers & Conservation,Biodiversity Hotspots (BH),Overview & Indian Hotspots,Western Ghats and Sri Lanka hotspot runs parallel to the western coast of the Indian peninsula.,What ecological markers and conservation zones define Biodiversity Hotspots (BH)?,Sundaland hotspot.,Which hotspot runs parallel to the western coastal margin of Peninsular India?,A: The Himalayas hotspot; B: Sundaland hotspot; C: Indo-Burma hotspot; D: Western Ghats and Sri Lanka hotspot,D,Official Syllabus Fact: Western Ghats and Sri Lanka hotspot runs parallel to the western coast of the Indian peninsula.,4 out of 36,Proportion of global biodiversity hotspots hosted in India.,HTML/CSS Radar Map with 4 pulsing animated ring markers (using `@keyframes`) representing the 4 biodiversity hotspots.
INDIA,Ecological Markers & Conservation,Biodiversity Hotspots (BH),Overview & Indian Hotspots,Sundaland hotspot includes the Nicobar group of Islands.,What ecological markers and conservation zones define Biodiversity Hotspots (BH)?,Sundaland hotspot includes the Nicobar group of Islands.,What ecological markers and conservation zones define Biodiversity Hotspots (BH)?,A: It is an isolated coral atoll reef structure in the Lakshadweep archipelago.; B: It is an arid rain-shadow plateau located in the Deccan Peninsular Interior.; C: It is a high-altitude glaciated valley situated in the Pir Panjal range of Jammu & Kashmir.; D: Sundaland hotspot includes the Nicobar group of Islands.,D,Official INDIA Syllabus Fact: Sundaland hotspot includes the Nicobar group of Islands.,,,HTML/CSS Radar Map with 4 pulsing animated ring markers (using `@keyframes`) representing the 4 biodiversity hotspots.
INDIA,Ecological Markers & Conservation,Natural Heritage,Key Indian Sites,"Designated by UNESCO for outstanding universal value based on science, conservation, or natural beauty.",What is a key geographical feature of Key Indian Sites in Natural Heritage?,UNESCO.,Which international body designates World Natural Heritage Sites?,A: WWF; B: IUCN; C: UNEP; D: UNESCO,D,"Official Syllabus Fact: Designated by UNESCO for outstanding universal value based on science, conservation, or natural beauty.",Kaziranga NP,UNESCO World Heritage Site famous for one-horned rhinos.,"CSS Masonry Gallery Layout showcasing image placeholder cards for Kaziranga, Manas, and Sundarbans that flip to reveal facts."
INDIA,Ecological Markers & Conservation,Natural Heritage,Key Indian Sites,"Examples include Kaziranga National Park, Manas Wildlife Sanctuary, Keoladeo National Park, Sundarbans National Park, Nanda Devi and Valley of Flowers National Parks, Western Ghats, and Great Himalayan National Park Conservation Area.",What are the major declared National Parks located in Natural Heritage?,Kaziranga National Park.,Which national park in Assam is designated as a UNESCO World Natural Heritage Site for its rhino population?,A: Orang NP; B: Dibru-Saikhowa NP; C: Kaziranga National Park; D: Pobitora WS,C,"Official Syllabus Fact: Examples include Kaziranga National Park, Manas Wildlife Sanctuary, Keoladeo National Park, Sundarbans National Park, Nanda Devi and Valley of Flowers National Parks, Western Ghats, and Great Himalayan National Park Conservation Area.",Manas WS,UNESCO World Heritage tiger & elephant reserve in Assam.,"CSS Masonry Gallery Layout showcasing image placeholder cards for Kaziranga, Manas, and Sundarbans that flip to reveal facts."
INDIA,Ecological Markers & Conservation,Biosphere Reserves,Network & Recognition,"Large, multi-purpose protected areas created to conserve genetic diversity while integrating sustainable human development and research.",What is a key geographical feature of Network & Recognition in Biosphere Reserves?,18 officially notified Biosphere Reserves.,Which is the largest Biosphere Reserve in India by geographical area?,A: Dibru-Saikhowa (Assam); B: Kachchh (Gujarat); C: Nilgiri; D: Manas,B,"Official Syllabus Fact: Large, multi-purpose protected areas created to conserve genetic diversity while integrating sustainable human development and research.",18 Notified Reserves,The total number of officially notified Biosphere Reserves in India.,"CSS Concentric Circles representing the Core, Buffer, and Transition zones of a Biosphere Reserve, with tooltips for Nilgiri and Kachchh."
INDIA,Ecological Markers & Conservation,Biosphere Reserves,Network & Recognition,India has a total of 18 officially notified Biosphere Reserves.,What ecological markers and conservation zones define Biosphere Reserves?,12 of these are internationally recognized.,Which was the first established Biosphere Reserve in India in 1986?,A: Nilgiri; B: Dibru-Saikhowa; C: Sundarbans; D: Kachchh,A,Official Syllabus Fact: India has a total of 18 officially notified Biosphere Reserves.,12 MAB Reserves,The number of Biosphere Reserves internationally recognized under the UNESCO MAB Programme.,"CSS Concentric Circles representing the Core, Buffer, and Transition zones of a Biosphere Reserve, with tooltips for Nilgiri and Kachchh."
INDIA,Ecological Markers & Conservation,Biosphere Reserves,Network & Recognition,12 of these are internationally recognized under the UNESCO Man and the Biosphere (MAB) Programme.,What ecological markers and conservation zones define Biosphere Reserves?,Nilgiri (1986).,How many Indian Biosphere Reserves are internationally recognized under the UNESCO Man and the Biosphere (MAB) Programme?,A: 12; B: 4; C: 36; D: 18,A,Official Syllabus Fact: 12 of these are internationally recognized under the UNESCO Man and the Biosphere (MAB) Programme.,Nilgiri (1986),The first established biosphere reserve in India.,"CSS Concentric Circles representing the Core, Buffer, and Transition zones of a Biosphere Reserve, with tooltips for Nilgiri and Kachchh."
INDIA,Ecological Markers & Conservation,Biosphere Reserves,Network & Recognition,Nilgiri was the first established reserve.,What is a key geographical feature of Network & Recognition in Biosphere Reserves?,Kachchh (Gujarat).,What is the total number of officially notified Biosphere Reserves in India?,A: 12; B: 7; C: 18; D: 25,C,Official Syllabus Fact: Nilgiri was the first established reserve.,Kachchh (Gujarat),The largest biosphere reserve by geographical area.,"CSS Concentric Circles representing the Core, Buffer, and Transition zones of a Biosphere Reserve, with tooltips for Nilgiri and Kachchh."
INDIA,Ecological Markers & Conservation,Biosphere Reserves,Network & Recognition,"Kachchh (Gujarat) is the largest by geographical area, and Dibru-Saikhowa (Assam) is the smallest.",What is a key geographical feature of Network & Recognition in Biosphere Reserves?,Dibru-Saikhowa (Assam).,Which is the smallest Biosphere Reserve in India by geographical area?,A: Gulf of Mannar; B: Pobitora; C: Nokrek; D: Dibru-Saikhowa (Assam),D,"Official Syllabus Fact: Kachchh (Gujarat) is the largest by geographical area, and Dibru-Saikhowa (Assam) is the smallest.",Dibru-Saikhowa (Assam),The smallest biosphere reserve in India.,"CSS Concentric Circles representing the Core, Buffer, and Transition zones of a Biosphere Reserve, with tooltips for Nilgiri and Kachchh."
